B7;B8;B9;B10;B11;B12;C4;C5;C6;C7;C8;C9;F7;F8;F9;Wavel.
0,070799999;0,0691;0,073100001;0,064199999;0,061099999;0,057999998;0,081200004;0,078599997;0,0713;0,072499998;0,069799997;0,068700001;0,076499999;0,070299998;0,063500002;400
0,070500001;0,068700001;0,072700001;0,0638;0,060800001;0,057799999;0,080499999;0,078299999;0,070900001;0,071999997;0,069399998;0,068300001;0,075999998;0,069799997;0,063100003;402
0,0704;0,068599999;0,0726;0,063500002;0,060600001;0,057700001;0,080200002;0,078000002;0,070600003;0,071699999;0,069200002;0,068000004;0,075599998;0,069399998;0,062799998;404
0,069799997;0,068099998;0,072099999;0,062899999;0,0601;0,0572;0,079400003;0,077399999;0,07;0,071000002;0,068599999;0,067400001;0,0748;0,068700001;0,062199999;406
0,069300003;0,067599997;0,071599998;0,062399998;0,059599999;0,0568;0,0788;0,076899998;0,069499999;0,0704;0,068000004;0,0669;0,074199997;0,068000004;0,061700001;408
0,068700001;0,0669;0,071099997;0,061799999;0,059;0,056299999;0,078100003;0,076099999;0,068800002;0,069700003;0,067400001;0,066299997;0,073399998;0,067299999;0,061099999;410
0,068099998;0,066299997;0,070500001;0,061299998;0,058499999;0,0557;0,077399999;0,075599998;0,068300001;0,0691;0,066799998;0,065700002;0,072800003;0,066600002;0,0605;412
0,067900002;0,066100001;0,070100002;0,061000001;0,058200002;0,055399999;0,077100001;0,075400002;0,068000004;0,068800002;0,066600002;0,065499999;0,0726;0,066399999;0,0603;414
0,066799998;0,064999998;0,0691;0,059999999;0,057300001;0,054499999;0,075999998;0,0744;0,067000002;0,067900002;0,065700002;0,064599998;0,071800001;0,065700002;0,059500001;416
0,066100001;0,064300001;0,0682;0,0594;0,056600001;0,0539;0,075199999;0,073899999;0,066299997;0,067299999;0,065099999;0,064099997;0,071400002;0,065300003;0,059099998;418
0,065200001;0,0634;0,067400001;0,058699999;0,0559;0,053100001;0,0744;0,072899997;0,065499999;0,066699997;0,064300001;0,0634;0,070799999;0,064800002;0,058600001;420
0,064800002;0,063000001;0,0669;0,0583;0,055399999;0,052700002;0,073700003;0,0722;0,064900003;0,066200003;0,0638;0,062899999;0,070299998;0,064400002;0,058200002;422
0,064099997;0,062199999;0,066299997;0,057700001;0,0548;0,052099999;0,073200002;0,071500003;0,064400002;0,065800004;0,0634;0,0625;0,07;0,064099997;0,0579;424
0,063299999;0,0614;0,0656;0,057;0,054000001;0,051399998;0,072499998;0,070600003;0,063600004;0,065300003;0,062899999;0,061999999;0,069600001;0,063699998;0,057500001;426
0,062899999;0,061000001;0,065200001;0,056600001;0,053599998;0,050999999;0,072099999;0,070200004;0,063299999;0,064999998;0,0625;0,061700001;0,069300003;0,063500002;0,057300001;428
0,061999999;0,0601;0,064400002;0,0559;0,052900001;0,050299998;0,071199998;0,069300003;0,0625;0,064300001;0,061900001;0,061099999;0,068700001;0,063000001;0,0568;430
0,0616;0,059599999;0,063900001;0,055500001;0,052499998;0,050000001;0,070600003;0,068899997;0,061999999;0,063900001;0,061500002;0,060699999;0,068400003;0,062700003;0,056499999;432
0,060699999;0,058699999;0,062899999;0,054699998;0,0517;0,0493;0,069600001;0,068099998;0,061299998;0,063199997;0,060800001;0,059999999;0,068099998;0,062199999;0,056000002;434
0,0603;0,0583;0,0625;0,054400001;0,0513;0,048999999;0,0691;0,0678;0,060899999;0,062899999;0,0605;0,059700001;0,0678;0,061999999;0,055799998;436
0,059900001;0,057799999;0,061900001;0,054000001;0,050900001;0,048599999;0,068499997;0,067400001;0,060400002;0,0623;0,059999999;0,059300002;0,067400001;0,061700001;0,055500001;438
0,059799999;0,057700001;0,061900001;0,054000001;0,050900001;0,048599999;0,068499997;0,067299999;0,060400002;0,0623;0,059999999;0,059300002;0,067500003;0,061700001;0,055599999;440
0,0594;0,057399999;0,061500002;0,0537;0,050500002;0,048300002;0,068000004;0,067000002;0,059999999;0,061900001;0,059599999;0,058899999;0,067100003;0,0614;0,055300001;442
0,058899999;0,0568;0,061000001;0,053300001;0,0502;0,048;0,067500003;0,066500001;0,059599999;0,0614;0,059099998;0,058400001;0,066799998;0,061099999;0,054900002;444
0,058699999;0,056699999;0,060800001;0,053100001;0,050000001;0,047899999;0,067299999;0,066200003;0,0594;0,061099999;0,058800001;0,0581;0,066600002;0,060899999;0,054699998;446
0,058499999;0,056299999;0,0605;0,052900001;0,049800001;0,047699999;0,0669;0,066;0,059;0,060800001;0,058400001;0,057799999;0,066299997;0,060699999;0,054499999;448
0,0583;0,056200001;0,060400002;0,0528;0,049699999;0,047600001;0,066799998;0,065700002;0,058899999;0,060600001;0,058200002;0,057500001;0,066200003;0,0605;0,054299999;450
0,058200002;0,0561;0,060199998;0,052700002;0,049600001;0,047600001;0,066699997;0,065399997;0,058600001;0,060400002;0,0579;0,057300001;0,065899998;0,0603;0,054200001;452
0,057999998;0,0559;0,0601;0,0526;0,049400002;0,047400001;0,066299997;0,065300003;0,058400001;0,060199998;0,057599999;0,057;0,065700002;0,0601;0,054000001;454
0,057700001;0,0557;0,059700001;0,0524;0,0493;0,0473;0,065899998;0,065099999;0,0581;0,059900001;0,057300001;0,056600001;0,065399997;0,059799999;0,053599998;456
0,057799999;0,055799998;0,059900001;0,0526;0,0495;0,047499999;0,066;0,064900003;0,058200002;0,059900001;0,057300001;0,056600001;0,065300003;0,059799999;0,053599998;458
0,057700001;0,055599999;0,059799999;0,0524;0,049400002;0,047499999;0,065800004;0,0647;0,0579;0,059700001;0,057;0,056299999;0,065099999;0,0594;0,053399999;460
0,057799999;0,055599999;0,059900001;0,0524;0,0495;0,047600001;0,0656;0,064599998;0,0579;0,059700001;0,057;0,056200001;0,064900003;0,059300002;0,053300001;462
0,0579;0,055599999;0,0601;0,0524;0,049699999;0,047699999;0,0656;0,064499997;0,057799999;0,059700001;0,056899998;0,0561;0,064800002;0,059099998;0,053100001;464
0,057700001;0,055500001;0,0601;0,052299999;0,049600001;0,047699999;0,065300003;0,064300001;0,057700001;0,059500001;0,0568;0,0559;0,064400002;0,058800001;0,052999999;466
0,057799999;0,055300001;0,059999999;0,052200001;0,049699999;0,047800001;0,065200001;0,064300001;0,057700001;0,0594;0,0568;0,055799998;0,064300001;0,058600001;0,0528;468
0,0579;0,055399999;0,0601;0,052200001;0,049800001;0,047899999;0,064999998;0,064300001;0,057799999;0,0594;0,056699999;0,0557;0,064099997;0,0583;0,052700002;470
0,057799999;0,055300001;0,0601;0,052200001;0,049899999;0,047899999;0,064900003;0,064300001;0,057700001;0,0592;0,056699999;0,055599999;0,063900001;0,0581;0,052499998;472
0,0579;0,055199999;0,0601;0,052099999;0,050000001;0,0482;0,064800002;0,064499997;0,057799999;0,059;0,056600001;0,055599999;0,063600004;0,057799999;0,052200001;474
0,057999998;0,055300001;0,060199998;0,052099999;0,0502;0,0484;0,0647;0,0647;0,057999998;0,058899999;0,056600001;0,055599999;0,0634;0,057500001;0,052099999;476
0,058499999;0,0557;0,060600001;0,052499998;0,050700001;0,048900001;0,065099999;0,065200001;0,058499999;0,059;0,056899998;0,0559;0,063600004;0,057599999;0,052200001;478
0,058600001;0,0559;0,060600001;0,0526;0,050999999;0,049199998;0,065099999;0,065800004;0,058699999;0,059;0,057;0,056000002;0,063600004;0,057599999;0,052299999;480
0,059;0,056200001;0,060899999;0,052900001;0,051399998;0,049699999;0,065499999;0,066100001;0,059099998;0,058899999;0,057100002;0,0561;0,063500002;0,057500001;0,052200001;482
0,058899999;0,056000002;0,060899999;0,0528;0,051399998;0,049800001;0,065300003;0,066100001;0,059099998;0,058600001;0,0568;0,0559;0,063000001;0,057;0,051800001;484
0,059099998;0,056499999;0,0612;0,052999999;0,051800001;0,050299998;0,065700002;0,066200003;0,0594;0,058499999;0,0568;0,0559;0,062700003;0,0568;0,0517;486
0,059300002;0,0568;0,061500002;0,053300001;0,052200001;0,0506;0,066;0,066500001;0,059700001;0,058499999;0,056899998;0,056000002;0,0625;0,0568;0,0517;488
0,059900001;0,057599999;0,0623;0,053800002;0,052999999;0,0513;0,0669;0,067000002;0,0605;0,058800001;0,0572;0,056400001;0,062600002;0,056899998;0,051800001;490
0,060199998;0,057999998;0,062600002;0,054200001;0,0535;0,051899999;0,067199998;0,067500003;0,060899999;0,058600001;0,057100002;0,056400001;0,062199999;0,056600001;0,0515;492
0,060400002;0,0583;0,062899999;0,054400001;0,053800002;0,052299999;0,067500003;0,067900002;0,0612;0,058600001;0,057100002;0,056400001;0,061999999;0,056400001;0,051399998;494
0,060899999;0,059300002;0,063299999;0,055;0,0546;0,052999999;0,068099998;0,068599999;0,061799999;0,058600001;0,057399999;0,056600001;0,062100001;0,056600001;0,0513;496
0,061500002;0,059700001;0,063900001;0,0557;0,055399999;0,0539;0,068899997;0,069300003;0,0625;0,058800001;0,057399999;0,0568;0,061799999;0,056299999;0,051199999;498
0,062100001;0,0605;0,064400002;0,056400001;0,056299999;0,0548;0,069600001;0,070299998;0,0634;0,059;0,057599999;0,057100002;0,061900001;0,056400001;0,051199999;500
0,062600002;0,061099999;0,064900003;0,057;0,057100002;0,055599999;0,070200004;0,070900001;0,064000003;0,059099998;0,057700001;0,0572;0,061700001;0,056299999;0,051100001;502
0,063100003;0,061799999;0,065499999;0,057799999;0,057999998;0,056499999;0,071000002;0,071699999;0,0647;0,059300002;0,057799999;0,057399999;0,0616;0,056299999;0,051100001;504
0,0638;0,062600002;0,066100001;0,058699999;0,059099998;0,057700001;0,071800001;0,072700001;0,0656;0,059500001;0,0579;0,057500001;0,061500002;0,056299999;0,050999999;506
0,064499997;0,0634;0,066799998;0,059500001;0,0601;0,058699999;0,072700001;0,073700003;0,066399999;0,059799999;0,058200002;0,057799999;0,061500002;0,056299999;0,050999999;508
0,064900003;0,063900001;0,067400001;0,060199998;0,060899999;0,059500001;0,073299997;0,074199997;0,067000002;0,059999999;0,0583;0,057999998;0,0614;0,056200001;0,050999999;510
0,065899998;0,064999998;0,068499997;0,0614;0,0625;0,061000001;0,074500002;0,075499997;0,0682;0,060400002;0,058600001;0,0583;0,0612;0,0561;0,050900001;512
0,066500001;0,065700002;0,0691;0,062100001;0,063500002;0,061999999;0,075199999;0,076300003;0,068999998;0,060800001;0,058899999;0,058499999;0,061099999;0,0561;0,050900001;514
0,067500003;0,066699997;0,070100002;0,063299999;0,064999998;0,0634;0,076300003;0,077500001;0,070100002;0,0612;0,059099998;0,058699999;0,061000001;0,056000002;0,050799999;516
0,068400003;0,0678;0,071199998;0,064400002;0,066399999;0,0647;0,077399999;0,078500003;0,071099997;0,0616;0,059500001;0,059;0,060699999;0,055799998;0,050700001;518
0,069600001;0,068899997;0,072499998;0,0656;0,068099998;0,066399999;0,078599997;0,079800002;0,072400004;0,062100001;0,059900001;0,0594;0,060600001;0,0557;0,0506;520
0,070799999;0,070200004;0,073700003;0,0669;0,069799997;0,068000004;0,079800002;0,081299998;0,073700003;0,062600002;0,060400002;0,059700001;0,060600001;0,055599999;0,050500002;522
0,071800001;0,071199998;0,074900001;0,068000004;0,0713;0,069300003;0,080799997;0,082500003;0,074900001;0,062899999;0,060600001;0,059900001;0,0601;0,055199999;0,0502;524
0,072899997;0,072300002;0,075900003;0,069200002;0,072999999;0,071000002;0,081900001;0,083999999;0,076099999;0,063500002;0,061099999;0,060400002;0,0603;0,055300001;0,050299998;526
0,073899999;0,073299997;0,077200003;0,070299998;0,0744;0,072300002;0,082999997;0,084799998;0,077200003;0,064000003;0,0616;0,060800001;0,060199998;0,055300001;0,0504;528
0,075199999;0,074699998;0,078699999;0,071699999;0,076399997;0,074100003;0,084200002;0,086199999;0,078599997;0,064599998;0,062100001;0,0612;0,059900001;0,054900002;0,0502;530
0,075999998;0,075499997;0,079700001;0,072400004;0,077399999;0,075199999;0,085199997;0,086900003;0,079400003;0,064999998;0,062600002;0,061500002;0,059799999;0,054900002;0,050299998;532
0,077200003;0,0766;0,081100002;0,073600002;0,079000004;0,0766;0,086499996;0,087899998;0,080600001;0,0656;0,063100003;0,061900001;0,059700001;0,054699998;0,0502;534
0,078000002;0,077399999;0,081900001;0,0744;0,080300003;0,077799998;0,087099999;0,089000002;0,081500001;0,065899998;0,0634;0,062199999;0,059500001;0,054499999;0,050099999;536
0,0788;0,078199998;0,082699999;0,075099997;0,0814;0,078900002;0,087800004;0,090099998;0,082400002;0,066200003;0,063699998;0,062399998;0,0594;0,054299999;0,050000001;538
0,079800002;0,0792;0,083800003;0,076099999;0,082900003;0,080300003;0,088799998;0,091200002;0,0836;0,066600002;0,064199999;0,062799998;0,0592;0,054099999;0,049800001;540
0,080399998;0,079700001;0,0845;0,0766;0,083700001;0,081100002;0,089400001;0,091700003;0,084200002;0,0669;0,064499997;0,063000001;0,059099998;0,054000001;0,049800001;542
0,080700003;0,079999998;0,084799998;0,076899998;0,084200002;0,081500001;0,089599997;0,092100002;0,0845;0,0669;0,064599998;0,063100003;0,059;0,053800002;0,049699999;544
0,081200004;0,080499999;0,0854;0,077299997;0,084899999;0,082199998;0,0902;0,092299998;0,085000001;0,067199998;0,064900003;0,063299999;0,058899999;0,0537;0,049699999;546
0,081600003;0,080899999;0,085900001;0,077699997;0,085600004;0,082900003;0,090599999;0,093000002;0,085600004;0,067400001;0,065300003;0,063500002;0,058800001;0,053599998;0,049600001;548
0,081600003;0,080799997;0,085699998;0,077600002;0,085600004;0,082900003;0,090499997;0,093099996;0,085600004;0,067299999;0,065200001;0,063500002;0,058699999;0,053399999;0,049400002;550
0,081699997;0,080799997;0,085900001;0,077600002;0,085699998;0,082999997;0,090599999;0,093099996;0,085699998;0,067299999;0,065399997;0,063600004;0,058699999;0,053399999;0,0495;552
0,081500001;0,080499999;0,0854;0,077200003;0,085299999;0,082699999;0,0902;0,093000002;0,085500002;0,067100003;0,065300003;0,063500002;0,058699999;0,053300001;0,049400002;554
0,081299998;0,080399998;0,085199997;0,077;0,085199997;0,082599998;0,090000004;0,092799999;0,0854;0,067100003;0,065300003;0,063500002;0,058600001;0,053300001;0,049400002;556
0,080899999;0,079899997;0,084700003;0,076399997;0,084600002;0,082000002;0,089500003;0,092299998;0,084899999;0,066799998;0,065099999;0,063299999;0,058600001;0,053199999;0,0493;558
0,080499999;0,079400003;0,084200002;0,075900003;0,083999999;0,081500001;0,089000002;0,091899998;0,084399998;0,066500001;0,064900003;0,063199997;0,058499999;0,053100001;0,0493;560
0,079999998;0,079000004;0,083499998;0,075400002;0,083400004;0,080899999;0,088500001;0,091600001;0,083999999;0,066200003;0,0647;0,063000001;0,058400001;0,052999999;0,049199998;562
0,079400003;0,078299999;0,082800001;0,074699998;0,082599998;0,080200002;0,087800004;0,090899996;0,083300002;0,065800004;0,064499997;0,062799998;0,058400001;0,052900001;0,0491;564
0,079000004;0,0779;0,0823;0,074199997;0,082000002;0,079700001;0,087399997;0,090499997;0,082900003;0,0656;0,064400002;0,062600002;0,0583;0,052900001;0,0491;566
0,078400001;0,077200003;0,081500001;0,0735;0,081200004;0,078900002;0,0867;0,0898;0,0823;0,065300003;0,064099997;0,062399998;0,0583;0,052900001;0,049199998;568
0,076700002;0,075499997;0,079599999;0,071800001;0,079000004;0,076800004;0,085000001;0,088;0,080499999;0,064400002;0,063299999;0,061799999;0,058200002;0,0528;0,049199998;570
0,075300001;0,074000001;0,078100003;0,070299998;0,077100001;0,075099997;0,083499998;0,086400002;0,079000004;0,0638;0,062700003;0,0612;0,0583;0,0528;0,049199998;572
0,073700003;0,072300002;0,076300003;0,068599999;0,074900001;0,072999999;0,081799999;0,0845;0,077299997;0,063000001;0,061999999;0,060600001;0,058200002;0,0528;0,049199998;574
0,072700001;0,071400002;0,075199999;0,067599997;0,073600002;0,071800001;0,080700003;0,083400004;0,076200001;0,0625;0,061700001;0,060199998;0,058200002;0,0528;0,049199998;576
0,069399998;0,067900002;0,071699999;0,064199999;0,0691;0,067599997;0,077200003;0,079400003;0,0726;0,061099999;0,060199998;0,059;0,058200002;0,0528;0,049199998;578
0,067299999;0,065700002;0,069399998;0,061999999;0,066200003;0,064800002;0,074900001;0,076899998;0,070299998;0,0601;0,0592;0,0581;0,058200002;0,052900001;0,0493;580
0,064999998;0,063299999;0,0669;0,059700001;0,063100003;0,061900001;0,072300002;0,074299999;0,067699999;0,059;0,058200002;0,057100002;0,058200002;0,0528;0,049199998;582
0,063600004;0,061799999;0,065300003;0,0583;0,061099999;0,059999999;0,070699997;0,0726;0,066100001;0,058400001;0,057599999;0,056600001;0,0583;0,052900001;0,0493;584
0,060400002;0,0579;0,0612;0,054400001;0,056000002;0,055199999;0,066600002;0,068300001;0,061900001;0,056699999;0,055799998;0,055;0,0583;0,052900001;0,0493;586
0,058200002;0,056000002;0,059300002;0,0526;0,054099999;0,0528;0,065099999;0,066699997;0,060400002;0,0559;0,055199999;0,054499999;0,0583;0,052900001;0,0493;588
0,056400001;0,054200001;0,057500001;0,050900001;0,051800001;0,0506;0,063199997;0,0647;0,058499999;0,055100001;0,054400001;0,0539;0,0583;0,0528;0,049400002;590
0,055500001;0,053100001;0,056299999;0,049899999;0,049800001;0,0493;0,0616;0,063000001;0,056899998;0,054699998;0,0537;0,053199999;0,058200002;0,0528;0,0493;592
0,054299999;0,052000001;0,055199999;0,048799999;0,048300002;0,047899999;0,0603;0,061799999;0,055599999;0,054200001;0,053199999;0,0528;0,058200002;0,052700002;0,0493;594
0,053100001;0,050700001;0,0539;0,047800001;0,046799999;0,046300001;0,059;0,0601;0,054299999;0,0537;0,0526;0,052299999;0,0581;0,052700002;0,0493;596
0,052499998;0,050099999;0,053300001;0,047200002;0,045899998;0,045699999;0,058400001;0,059500001;0,0537;0,053399999;0,0524;0,052099999;0,0581;0,052700002;0,0493;598
0,051899999;0,049400002;0,0526;0,046599999;0,045000002;0,044799998;0,057700001;0,058800001;0,052999999;0,053100001;0,052099999;0,051800001;0,0581;0,0526;0,049199998;600
0,0515;0,0491;0,052200001;0,046300001;0,044500001;0,044500001;0,057300001;0,0583;0,0526;0,052999999;0,052000001;0,0517;0,0581;0,0526;0,049199998;602
0,0513;0,048900001;0,052000001;0,0462;0,044300001;0,044199999;0,057100002;0,0581;0,0524;0,052900001;0,051899999;0,051600002;0,0581;0,052499998;0,049199998;604
0,050999999;0,048500001;0,051600002;0,046;0,0438;0,0438;0,056600001;0,057700001;0,052000001;0,0528;0,051600002;0,051399998;0,057999998;0,0524;0,0491;606
0,050799999;0,0484;0,051600002;0,045899998;0,0436;0,043699998;0,056499999;0,057300001;0,051800001;0,0528;0,051600002;0,0513;0,057999998;0,052299999;0,0491;608
0,0506;0,048300002;0,0515;0,045899998;0,043400001;0,0436;0,056400001;0,057100002;0,0517;0,0528;0,0515;0,0513;0,0579;0,052299999;0,0491;610
0,050500002;0,048099998;0,051399998;0,0458;0,043200001;0,043499999;0,0561;0,056899998;0,051600002;0,052700002;0,051399998;0,051100001;0,057799999;0,052099999;0,048999999;612
0,050299998;0,047899999;0,0513;0,045699999;0,043000001;0,043400001;0,0559;0,056600001;0,051399998;0,0526;0,0513;0,050999999;0,057700001;0,052000001;0,048900001;614
0,0502;0,047600001;0,051100001;0,045699999;0,042800002;0,043200001;0,0557;0,056400001;0,051199999;0,0526;0,051100001;0,050799999;0,057700001;0,051899999;0,048700001;616
0,050000001;0,047499999;0,050999999;0,045699999;0,0427;0,043099999;0,055399999;0,056299999;0,050999999;0,052499998;0,050999999;0,0506;0,057599999;0,0517;0,048599999;618
0,050000001;0,0473;0,050900001;0,045600001;0,042599998;0,043000001;0,055199999;0,0561;0,050799999;0,0524;0,050799999;0,050500002;0,057500001;0,051600002;0,048500001;620
0,049800001;0,047200002;0,050799999;0,045600001;0,042399999;0,0429;0,055;0,0559;0,050700001;0,052299999;0,050700001;0,050299998;0,057399999;0,051399998;0,0484;622
0,049600001;0,0469;0,0506;0,045499999;0,042300001;0,042800002;0,0546;0,0557;0,0504;0,052200001;0,0504;0,050000001;0,057300001;0,051199999;0,0482;624
0,0495;0,046799999;0,0506;0,045499999;0,042199999;0,0427;0,054400001;0,055500001;0,0502;0,052000001;0,0502;0,049899999;0,057100002;0,050999999;0,048099998;626
0,049400002;0,046599999;0,0506;0,045499999;0,042100001;0,0427;0,054299999;0,055300001;0,050000001;0,052000001;0,050099999;0,049699999;0,057;0,050799999;0,047800001;628
0,0493;0,046500001;0,050700001;0,045400001;0,041999999;0,042599998;0,054099999;0,055100001;0,050000001;0,051899999;0,050000001;0,049600001;0,056899998;0,050799999;0,047800001;630
0,0491;0,046300001;0,0506;0,045299999;0,0418;0,0425;0,0537;0,054699998;0,049699999;0,0517;0,049699999;0,0493;0,056600001;0,0504;0,047499999;632
0,0491;0,0462;0,0506;0,045299999;0,0418;0,0425;0,0535;0,054699998;0,049600001;0,051600002;0,049600001;0,049199998;0,056699999;0,0504;0,047499999;634
0,048999999;0,046;0,050500002;0,045299999;0,041700002;0,042399999;0,053300001;0,054499999;0,049400002;0,0515;0,0495;0,048999999;0,056499999;0,050099999;0,0473;636
0,048900001;0,045899998;0,050500002;0,045200001;0,041700002;0,042399999;0,053199999;0,054299999;0,049199998;0,051399998;0,0493;0,048799999;0,056400001;0,050000001;0,047200002;638
0,048900001;0,045899998;0,050500002;0,045200001;0,0416;0,042300001;0,052999999;0,054099999;0,0491;0,051399998;0,049199998;0,048700001;0,056299999;0,049899999;0,0471;640
0,048799999;0,045699999;0,050500002;0,045200001;0,041499998;0,042199999;0,052700002;0,054000001;0,048900001;0,0513;0,0491;0,048599999;0,056200001;0,049699999;0,0469;642
0,048799999;0,045600001;0,050500002;0,0451;0,0414;0,042199999;0,0526;0,0539;0,048799999;0,051199999;0,048999999;0,0484;0,0561;0,049600001;0,046700001;644
0,048700001;0,045499999;0,050500002;0,045000002;0,0414;0,042199999;0,0524;0,053800002;0,048599999;0,051100001;0,048900001;0,048300002;0,056000002;0,049400002;0,046599999;646
0,048700001;0,045400001;0,050500002;0,045000002;0,041299999;0,042100001;0,052200001;0,0537;0,048599999;0,051100001;0,048799999;0,0482;0,0559;0,0493;0,046500001;648
0,048599999;0,045400001;0,0506;0,045000002;0,041299999;0,042100001;0,052099999;0,053599998;0,048500001;0,050999999;0,048799999;0,048099998;0,055799998;0,049199998;0,046399999;650
0,048599999;0,045299999;0,0506;0,0449;0,041299999;0,041999999;0,052000001;0,0535;0,0484;0,050999999;0,048799999;0,048;0,0557;0,0491;0,046300001;652
0,048599999;0,045299999;0,050700001;0,0449;0,041299999;0,041999999;0,051899999;0,0535;0,048300002;0,050999999;0,048700001;0,047899999;0,055599999;0,048999999;0,0462;654
0,048599999;0,045200001;0,0506;0,044799998;0,041299999;0,041999999;0,0517;0,0535;0,0482;0,050900001;0,048599999;0,047899999;0,055599999;0,048799999;0,046100002;656
0,048700001;0,045200001;0,050799999;0,0449;0,041299999;0,041999999;0,0517;0,0535;0,0482;0,050900001;0,048700001;0,047899999;0,055500001;0,048799999;0,046;658
0,048700001;0,045299999;0,050900001;0,0449;0,0414;0,041999999;0,0517;0,053399999;0,0482;0,050900001;0,048700001;0,047800001;0,055399999;0,048700001;0,045899998;660
0,048700001;0,045299999;0,050999999;0,044799998;0,0414;0,042100001;0,0517;0,053399999;0,0482;0,050900001;0,048700001;0,047800001;0,055199999;0,048599999;0,0458;662
0,048900001;0,045400001;0,0513;0,0449;0,041499998;0,042199999;0,0517;0,053300001;0,0482;0,050900001;0,048700001;0,047800001;0,055100001;0,048500001;0,0458;664
0,048999999;0,045499999;0,0513;0,0449;0,041499998;0,042199999;0,0517;0,053399999;0,0482;0,050900001;0,048700001;0,047800001;0,055100001;0,048500001;0,045699999;666
0,0491;0,045600001;0,051399998;0,0449;0,041700002;0,042300001;0,051800001;0,0535;0,0482;0,050900001;0,048700001;0,047899999;0,055199999;0,048500001;0,045699999;668
0,0491;0,045499999;0,0515;0,044799998;0,041700002;0,042199999;0,0517;0,053599998;0,0482;0,050799999;0,048700001;0,047800001;0,055;0,0484;0,045600001;670
0,0493;0,045699999;0,0517;0,0449;0,0418;0,042399999;0,051800001;0,0537;0,0482;0,050799999;0,048799999;0,047899999;0,055;0,0484;0,045600001;672
0,0493;0,045699999;0,0517;0,044799998;0,0418;0,042399999;0,051800001;0,0537;0,0482;0,050799999;0,048700001;0,047800001;0,054900002;0,048300002;0,045600001;674
0,049199998;0,045600001;0,0517;0,0447;0,0418;0,042300001;0,051800001;0,053800002;0,0482;0,050799999;0,048799999;0,047899999;0,055;0,048300002;0,045600001;676
0,0491;0,045499999;0,0515;0,044599999;0,041700002;0,042199999;0,0517;0,0537;0,048099998;0,0506;0,048700001;0,047800001;0,054900002;0,048300002;0,045600001;678
0,048999999;0,045400001;0,051399998;0,044399999;0,041700002;0,042100001;0,0517;0,053599998;0,048;0,0506;0,048799999;0,047800001;0,0548;0,048300002;0,045600001;680
0,048900001;0,045200001;0,0513;0,044199999;0,041499998;0,041900001;0,0515;0,0535;0,047899999;0,0504;0,048700001;0,047699999;0,054699998;0,0482;0,045499999;682
0,048799999;0,045200001;0,051199999;0,044199999;0,041499998;0,041900001;0,0515;0,053399999;0,047800001;0,0504;0,048700001;0,047699999;0,0546;0,0482;0,045499999;684
0,048700001;0,0451;0,051199999;0,044100001;0,041499998;0,041900001;0,0515;0,053399999;0,047800001;0,0504;0,048700001;0,047800001;0,0546;0,0482;0,045600001;686
0,048700001;0,045000002;0,051100001;0,043900002;0,0414;0,041700002;0,0515;0,0535;0,047800001;0,050299998;0,048700001;0,047699999;0,0546;0,048300002;0,045600001;688
0,048599999;0,045000002;0,050999999;0,043900002;0,0414;0,041700002;0,0515;0,053399999;0,047800001;0,0502;0,048700001;0,047800001;0,0546;0,048300002;0,045600001;690
0,048599999;0,045000002;0,050900001;0,043699998;0,0414;0,0416;0,0515;0,0535;0,047699999;0,0502;0,048700001;0,047800001;0,0546;0,0484;0,045699999;692
0,048599999;0,045000002;0,050900001;0,043699998;0,0414;0,0416;0,0515;0,053599998;0,047800001;0,050099999;0,048700001;0,047800001;0,0546;0,0484;0,0458;694
0,048599999;0,0449;0,050700001;0,043699998;0,0414;0,041499998;0,051399998;0,0537;0,047699999;0,050000001;0,048599999;0,047800001;0,0546;0,0484;0,045699999;696
0,048599999;0,0449;0,050799999;0,0436;0,0414;0,041499998;0,0515;0,0537;0,047699999;0,050000001;0,048799999;0,047899999;0,054499999;0,0484;0,0458;698
0,048599999;0,045000002;0,050799999;0,0436;0,041499998;0,0416;0,051600002;0,0537;0,047699999;0,050000001;0,048799999;0,048;0,054499999;0,048500001;0,045899998;700
0,048700001;0,0451;0,050799999;0,0436;0,041499998;0,0416;0,0517;0,053599998;0,047699999;0,050000001;0,048799999;0,048;0,054400001;0,048599999;0,046;702
0,048799999;0,045200001;0,050900001;0,0436;0,0416;0,041700002;0,051899999;0,0537;0,047899999;0,050000001;0,048900001;0,048099998;0,054499999;0,048700001;0,046100002;704
0,048900001;0,045299999;0,050700001;0,0436;0,0418;0,0416;0,051800001;0,054000001;0,047899999;0,049899999;0,048900001;0,0482;0,0546;0,048799999;0,0462;706
0,048999999;0,045299999;0,050700001;0,0436;0,0418;0,041700002;0,052000001;0,054200001;0,048;0,049899999;0,048900001;0,0482;0,054699998;0,048799999;0,046300001;708
0,0491;0,045499999;0,050799999;0,043699998;0,041999999;0,0418;0,052200001;0,054299999;0,048099998;0,050000001;0,048900001;0,0484;0,0548;0,048999999;0,046500001;710
0,049199998;0,045600001;0,050799999;0,0438;0,042100001;0,041900001;0,0524;0,054400001;0,048300002;0,050099999;0,0491;0,048500001;0,054900002;0,0491;0,046599999;712
0,049400002;0,045699999;0,050799999;0,0438;0,042199999;0,041999999;0,052499998;0,0546;0,048300002;0,050099999;0,0491;0,048500001;0,054900002;0,0491;0,046700001;714
0,049600001;0,045899998;0,050999999;0,044;0,042399999;0,042199999;0,0528;0,0548;0,048500001;0,0502;0,049400002;0,048799999;0,055;0,049400002;0,046999998;716
0,049699999;0,046;0,051199999;0,044100001;0,0425;0,042300001;0,052900001;0,054900002;0,048599999;0,050299998;0,0495;0,048999999;0,055100001;0,0495;0,047200002;718
0,049899999;0,046300001;0,051399998;0,044300001;0,042800002;0,0425;0,053199999;0,055100001;0,048799999;0,0504;0,049600001;0,049199998;0,055199999;0,049699999;0,047400001;720
0,050000001;0,046399999;0,051399998;0,044300001;0,042800002;0,042599998;0,053199999;0,055199999;0,048900001;0,050500002;0,049699999;0,049199998;0,055300001;0,049800001;0,047499999;722
0,050299998;0,046799999;0,051600002;0,044599999;0,043200001;0,0429;0,053599998;0,0557;0,049199998;0,0506;0,049899999;0,049600001;0,055599999;0,050099999;0,047899999;724
0,050500002;0,0469;0,051800001;0,044799998;0,043499999;0,043099999;0,053800002;0,0559;0,049400002;0,050700001;0,050099999;0,049699999;0,0557;0,0502;0,048;726
0,050999999;0,047400001;0,052099999;0,045200001;0,0438;0,043499999;0,054099999;0,056299999;0,049800001;0,050999999;0,0504;0,050099999;0,0561;0,0506;0,0484;728
0,051199999;0,047600001;0,052299999;0,045499999;0,044199999;0,043699998;0,054499999;0,056600001;0,050000001;0,051199999;0,0506;0,0504;0,056200001;0,050799999;0,048599999;730
0,051600002;0,048;0,052700002;0,0458;0,044500001;0,044100001;0,054900002;0,0568;0,0504;0,0515;0,050900001;0,050799999;0,056499999;0,051100001;0,048999999;732
0,052200001;0,048599999;0,053199999;0,046399999;0,0451;0,044599999;0,055500001;0,057300001;0,050900001;0,052000001;0,051399998;0,051199999;0,0568;0,0515;0,0495;734
0,0524;0,048900001;0,053399999;0,046599999;0,045400001;0,0449;0,0557;0,057500001;0,051199999;0,052099999;0,051600002;0,051399998;0,057;0,0517;0,049699999;736
0,0528;0,0491;0,053599998;0,0469;0,045699999;0,0451;0,056000002;0,057799999;0,051399998;0,052299999;0,051800001;0,051600002;0,0572;0,051899999;0,049899999;738
0,052900001;0,049199998;0,0537;0,046999998;0,0458;0,045200001;0,0561;0,0579;0,0515;0,052299999;0,051899999;0,0517;0,057300001;0,052000001;0,050099999;740
0,052999999;0,0493;0,0537;0,046999998;0,045899998;0,045299999;0,056200001;0,0579;0,0515;0,052299999;0,051800001;0,0517;0,057300001;0,052000001;0,050099999;742
0,052999999;0,049400002;0,0537;0,0471;0,045899998;0,045299999;0,056299999;0,0579;0,051600002;0,052299999;0,051800001;0,0517;0,057300001;0,052099999;0,0502;744
0,052999999;0,049400002;0,053599998;0,0471;0,045899998;0,045200001;0,056200001;0,0579;0,051600002;0,052200001;0,0517;0,051600002;0,057300001;0,052000001;0,0502;746
0,052999999;0,049400002;0,0535;0,0471;0,045899998;0,045200001;0,056200001;0,0579;0,051600002;0,052099999;0,051600002;0,051600002;0,057300001;0,052000001;0,0502;748
0,052999999;0,0493;0,053399999;0,0471;0,045899998;0,045200001;0,0561;0,0579;0,0515;0,052000001;0,0515;0,0515;0,0572;0,052000001;0,0502;750
