Irradiance;Abs_Cuvette;Abs_Filter;Wavel.
200;0,255404562;2,565888687;700
200;0,365928647;2,977714802;699
200;0,452045329;3,435010678;698
200;0,578457251;4,005749499;697
200;0,701415295;4,671026598;696
200;1,006968337;5,374008505;695
200;1,283969323;6,193748395;694
200;1,379066088;7,156408179;693
200;1,441005627;8,207468942;692
200;1,736197036;9,370330065;691
200;1,988099845;10,70052588;690
200;1,958396497;12,02643604;689
200;2,001685097;13,43607327;688
200;2,291350302;14,90632192;687
200;2,515852348;16,30934401;686
200;2,7580843;17,59465244;685
200;2,866305799;18,78085321;684
200;2,954034291;19,8151596;683
200;3,110149561;20,68057831;682
200;3,104393098;21,38920474;681
200;3,199720121;21,87548479;680
200;3,306790328;22,28595203;679
200;3,255903197;22,55308128;678
200;3,30794162;22,66942115;677
200;3,226430108;22,68386097;676
200;3,056959845;22,60730154;675
200;3,202022706;22,50525217;674
200;3,246002081;22,27705221;673
200;3,221364421;21,96040647;672
200;3,097255084;21,56536459;671
200;2,953804033;21,05414711;670
200;2,976139108;20,48370694;669
200;2,895778888;19,87308315;668
200;2,811964791;19,16827946;667
200;2,73183483;18,35361666;666
200;2,54947009;17,49411126;665
200;2,447926088;16,56149586;664
200;2,377927501;15,5902349;663
200;2,193029918;14,64748027;662
200;2,017342676;13,66812584;661
200;1,866523352;12,67661628;660
200;1,680013959;11,80733003;659
200;1,466564321;10,98081074;658
200;1,470478716;10,22665482;657
200;1,535872133;9,543398874;656
200;1,392881598;8,940674428;655
200;1,183116096;8,525115163;654
200;1,029303412;8,152935095;653
200;1,142820857;7,850296135;652
200;1,145814218;7,681751903;651
200;1,086177264;7,555690912;650
200;1,055783141;7,496692218;649
200;1,05739495;7,532410992;648
200;1,053710814;7,590722787;647
200;1,018020745;7,651797112;646
200;1,070519685;7,748425952;645
200;1,151570681;7,842023476;644
200;1,216964097;7,951374889;643
200;1,298475609;8,080347737;642
200;1,197392124;8,180769457;641
200;1,209595825;8,236527777;640
200;1,272456398;8,302738916;639
200;1,257950112;8,337830521;638
200;1,286271908;8,391319086;637
200;1,301699229;8,40059223;636
200;1,304232072;8,403548884;635
200;1,202227553;8,378088805;634
200;1,253805459;8,344833909;633
200;1,293179664;8,336919633;632
200;1,251272615;8,294749976;631
200;1,293870439;8,2556863;630
200;1,158708694;8,189699151;629
200;1,216043063;8,098475911;628
200;1,213740478;8,043673277;627
200;1,126472503;7,973415404;626
200;1,131768449;7,863929597;625
200;1,115420095;7,82135676;624
200;1,129005347;7,748291559;623
200;1,049105644;7,659218613;622
200;1,159169211;7,513237537;621
200;1,151570681;7,458897813;620
200;1,006047303;7,358431295;619
200;0,983712227;7,236626095;618
200;0,986014812;7,166398087;617
200;0,955850948;7,062616532;616
200;0,920851654;6,929283366;615
200;0,951936553;6,790499802;614
200;0,944338022;6,66811223;613
200;0,886082619;6,553071497;612
200;0,840491434;6,436985481;611
200;0,84118221;6,267843946;610
200;0,824603597;6,122251117;609
200;0,901279681;6,032864586;608
200;0,831050836;5,916479919;607
200;0,769802072;5,822090968;606
200;0,846247897;5,780787402;605
200;0,745624929;5,778009939;604
200;0,811018345;5,749772397;603
200;0,747927514;5,757656808;602
200;0,846938673;5,774052801;601
200;0,918088552;5,833798125;600
200;2,925712495;22,99577307;500
200;2,895778888;23,22349519;499
200;2,865615024;23,41512522;498
200;2,987652034;23,48354638;497
200;3,163339276;23,63690416;496
200;3,101399737;23,60732268;495
200;3,042453559;23,62267339;494
200;3,018736932;23,60285784;493
200;2,976139108;23,50630366;492
200;3,067551736;23,41440845;491
200;3,058571655;23,30265289;490
200;2,899232766;23,18177351;489
200;2,935153094;23,15553694;488
200;2,98972436;23,07033153;487
200;2,908443106;23,07582673;486
200;3,056269069;23,15752297;485
200;3,082748798;23,25100103;484
200;2,971994455;23,41864931;483
200;3,072387165;23,69672415;482
200;3,073998975;24,05367296;481
200;3,098406377;24,41802835;480
200;3,198568828;24,90354684;479
200;3,260968884;25,39921949;478
200;3,340177811;25,95432388;477
200;3,213996148;26,61410578;476
200;3,367348316;27,19641737;475
200;3,336723934;27,78199919;474
200;3,420307773;28,3400453;473
200;3,616027506;28,88447289;472
200;3,642737493;29,38802995;471
200;3,641125683;29,90050178;470
200;3,675894718;30,37667246;469
200;3,763162693;30,79245571;468
200;3,81612215;31,16589012;467
200;3,639744132;31,38859488;466
200;3,695006174;31,57888097;465
200;3,843753171;31,81120233;464
200;3,824871974;31,98029907;463
200;3,763392952;31,99594843;462
200;3,690401004;32,03551982;461
200;3,78066234;32,06042739;460
200;3,689710229;32,13241744;459
200;3,779280789;32,10232826;458
200;3,81312879;32,10867461;457
200;3,829937661;32,17225761;456
200;3,72493978;32,25783633;455
200;3,725630556;32,38347921;454
200;3,779511047;32,55426333;453
200;3,725400297;32,8419249;452
200;3,792175265;33,17765449;451
200;3,873686777;33,61559772;450
200;3,933323731;34,16846222;449
200;3,979145175;34,72389513;448
200;3,891646941;35,29242393;447
200;3,992730427;35,91550151;446
200;3,985822672;36,63060868;445
200;4,001249992;37,24928114;444
200;4,092892878;37,84264285;443
200;4,185456799;38,36846442;442
200;4,236113671;38,81868224;441
200;4,157365261;39,17294319;440
200;4,152990349;39,42766345;439
200;4,249929182;39,57588441;438
200;4,222298161;39,78520957;437
200;4,351473184;39,77005298;436
200;4,185456799;39,64318563;435
200;4,148615438;39,47877773;434
200;4,20387748;39,29706295;433
200;4,088287708;39,06607059;432
200;4,224370487;38,76840419;431
200;4,002401284;38,44980228;430
200;4,055591;38,144132;429
200;4,072860388;37,86023345;428
200;4,03555851;37,56191001;427
200;4,113155627;37,42485863;426
200;4,161279656;37,20841062;425
200;4,133648634;37,03023487;424
200;4,111543818;36,97514851;423
200;4,069176252;36,8705158;422
200;3,983059569;36,82995886;421
200;4,040624197;36,79165675;420
200;4,097958566;36,72244416;419
200;4,063189531;36,72250389;418
200;3,993651461;36,60074349;417
200;4,069867027;36,46481205;416
200;4,143319492;36,3372578;415
200;4,158746812;36,13635463;414
200;4,088978484;35,89014596;413
200;4,026117911;35,58075746;412
200;3,989967325;35,26981598;411
200;3,949672086;34,88428617;410
200;3,894179785;34,4803146;409
200;3,820266803;34,03008184;408
200;3,871384192;33,63965414;407
200;3,867700056;33,1774753;406
200;3,860331784;32,70182726;405
200;3,79447785;32,3390846;404
200;3,568133736;31,97447536;403
200;3,579186144;31,61121005;402
200;3,654480677;31,22541145;401
200;3,517246605;30,93891463;400
200;0,447355807;2,403540892;700
200;0,624424601;2,741779165;699
200;0,702712494;3,190921843;698
200;0,753599624;3,682323772;697
200;0,92721454;4,196975756;696
200;1,211583799;4,827937744;695
200;1,476611344;5,499770253;694
200;1,71032373;6,314522655;693
200;1,793907569;7,276420876;692
200;2,07643476;8,255312394;691
200;2,38843504;9,297951172;690
200;2,372777462;10,50773052;689
200;2,526590146;11,72775362;688
200;2,756848655;12,86758868;687
200;3,014507927;14,01671181;686
200;3,314304506;15,11752799;685
200;3,379697923;16,08526486;684
200;3,481472184;16,91887713;683
200;3,683869414;17,68969783;682
200;3,714954312;18,24153199;681
200;3,765380926;18,66812644;680
200;3,762617824;19,01117301;679
200;3,777814885;19,2299057;678
200;3,910904304;19,44554735;677
200;3,84666218;19,49092751;676
200;3,783571348;19,41729487;675
200;3,819721934;19,35015791;674
200;3,787716001;19,21216578;673
200;3,870148548;19,0066335;672
200;3,860938207;18,71507453;671
200;3,717256898;18,37204289;670
200;3,580713602;17,93341276;669
200;3,559990336;17,3588512;668
200;3,489070715;16,73693836;667
200;3,229799633;16,09401536;666
200;3,037764037;15,41408939;665
200;2,936680551;14,68749904;664
200;2,844807406;13,84355341;663
200;2,655534911;13,01170318;662
200;2,347218767;12,17095313;661
200;2,264555962;11,31533021;660
200;2,138144041;10,56520609;659
200;1,853084006;9,888371157;658
200;1,814400577;9,227663434;657
200;1,757526725;8,623848908;656
200;1,614996708;8,164746188;655
200;1,397172158;7,79831517;654
200;1,296779448;7,46198827;653
200;1,355265109;7,182240982;652
200;1,398093192;7,020177498;651
200;1,388422334;6,963941334;650
200;1,363554415;6,9274162;649
200;1,329706415;6,920487475;648
200;1,281352128;6,983607566;647
200;1,300693842;7,058270555;646
200;1,35204149;7,155840149;645
200;1,415823097;7,251214651;644
200;1,480065221;7,334015906;643
200;1,550984842;7,473650628;642
200;1,416744131;7,566650848;641
200;1,50493314;7,613419744;640
200;1,515294773;7,640746398;639
200;1,52496563;7,686917991;638
200;1,571017332;7,712497531;637
200;1,564570094;7,746230269;636
200;1,626049116;7,719291863;635
200;1,588516979;7,723099675;634
200;1,536939073;7,726847757;633
200;1,543156053;7,660711281;632
200;1,558813631;7,557392637;631
200;1,624897824;7,528154611;630
200;1,535097005;7,437289753;629
200;1,446907996;7,390072878;628
200;1,448519805;7,334224963;627
200;1,436776621;7,218810914;626
200;1,48789401;7,111833783;625
200;1,360330796;7,086299041;624
200;1,396941899;7,024313827;623
200;1,385428974;6,942139742;622
200;1,413290253;6,840896728;621
200;1,407764049;6,784884554;620
200;1,331087966;6,684836148;619
200;1,296779448;6,597316193;618
200;1,245892317;6,533046292;617
200;1,247734385;6,433759449;616
200;1,137210301;6,323736068;615
200;1,138131335;6,206694366;614
200;1,147111417;6,079603026;613
200;1,106355661;6,002296967;612
200;1,125236858;5,850253256;611
200;1,119250137;5,725327143;610
200;1,00918657;5,616946348;609
200;1,017245617;5,540416784;608
200;0,97510831;5,478700357;607
200;1,040962244;5,355775212;606
200;1,029909836;5,306632032;605
200;1,008265536;5,292460997;604
200;1,023462597;5,280320795;603
200;0,989384338;5,332211573;602
200;1,098066354;5,339827197;601
200;1,196156479;5,390060456;600
200;3,761236273;20,37743105;500
200;3,811893145;20,59720902;499
200;3,814886505;20,72047762;498
200;4,061723627;20,85694663;497
200;4,18491193;20,90671698;496
200;4,006461585;20,98302255;495
200;4,015211409;20,9766314;494
200;3,994718401;20,90246119;493
200;3,917581801;20,86757864;492
200;4,045145015;20,76784382;491
200;4,033632089;20,74796853;490
200;3,953502128;20,6572978;489
200;3,967547897;20,62604387;488
200;3,970541258;20,57125617;487
200;3,934390672;20,57215212;486
200;4,03501364;20,5712711;485
200;4,07208526;20,63694467;484
200;4,021428388;20,8148367;483
200;4,091196717;21,01733766;482
200;4,133564282;21,2108044;481
200;4,19112891;21,53272134;480
200;4,265041891;21,91371164;479
200;4,326290655;22,30537875;478
200;4,40572984;22,75156478;477
200;4,402506221;23,22152349;476
200;4,478721788;23,71644952;475
200;4,560924076;24,16969866;474
200;4,596614145;24,6648188;473
200;4,638060676;25,0594575;472
200;4,867858669;25,48200522;471
200;4,928646915;25,83946175;470
200;4,94338346;26,22490196;469
200;4,990816712;26,57566868;468
200;4,967100086;26,86819828;467
200;4,982066889;27,1100317;466
200;5,124827165;27,19767111;465
200;5,229364528;27,40574193;464
200;5,143017587;27,53145947;463
200;4,997954726;27,58118502;462
200;4,997724468;27,67249786;461
200;5,13634009;27,70911259;460
200;5,078314946;27,75371626;459
200;5,202654541;27,70993388;458
200;5,138872934;27,68962555;457
200;5,114235273;27,73136216;456
200;5,098347436;27,8192405;455
200;5,143708363;27,92084189;454
200;5,216239793;28,04322947;453
200;5,108018294;28,2306485;452
200;5,196437561;28,48129216;451
200;5,329987497;28,81408003;450
200;5,37580894;29,19071001;449
200;5,347026626;29,54304466;448
200;5,336434735;29,97505965;447
200;5,444425976;30,42890609;446
200;5,526628264;30,86335509;445
200;5,564160401;31,35826618;444
200;5,661329492;31,73013267;443
200;5,653500702;32,08515518;442
200;5,717512568;32,40189051;441
200;5,687348703;32,66123987;440
200;5,696098526;32,85930585;439
200;5,793037359;32,98829363;438
200;5,671691124;32,97215149;437
200;5,676066036;32,99619297;436
200;5,687348703;32,94207724;435
200;5,65695458;32,75080559;434
200;5,713598173;32,5705542;433
200;5,630244593;32,41011837;432
200;5,633237953;32,25241521;431
200;5,5858047;32,02381207;430
200;5,574752292;31,77845455;429
200;5,453866575;31,56281291;428
200;5,473438548;31,36828596;427
200;5,558634196;31,21754138;426
200;5,75734729;31,10029062;425
200;5,65234941;30,94876955;424
200;5,568765571;30,86953719;423
200;5,548733081;30,81445084;422
200;5,475741133;30,79845802;421
200;5,592251939;30,76966797;420
200;5,574061517;30,73651761;419
200;5,401597893;30,62985406;418
200;5,463767691;30,57405094;417
200;5,617580375;30,54494731;416
200;5,549884373;30,39366516;415
200;5,493010521;30,23697741;414
200;5,529851883;30,02505398;413
200;5,447879853;29,7546545;412
200;5,519259991;29,47935713;411
200;5,394690138;29,15319933;410
200;5,274264937;28,81905259;409
200;5,318244313;28,52812078;408
200;5,282554244;28,12086404;407
200;5,221075222;27,70885874;406
200;5,230746079;27,34421963;405
200;5,181010241;27,0409535;404
200;4,981376114;26,69380047;403
200;5,071867708;26,47279802;402
200;5,123445614;26,27075997;401
200;4,96341595;25,97067448;400
200;0,506516285;2,276154153;700
200;0,595856587;2,619827891;699
200;0,699933433;3,032385704;698
200;0,813681137;3,463788455;697
200;1,034268789;3,992969857;696
200;1,382880172;4,665011422;695
200;1,741853188;5,343533734;694
200;1,963361874;6,1218058;693
200;2,100595945;7,066247815;692
200;2,439536471;8,087682304;691
200;2,700189103;9,149136155;690
200;2,728741159;10,22072924;689
200;2,944263123;11,34301849;688
200;3,229323158;12,42797625;687
200;3,508396471;13,54824961;686
200;3,832830711;14,61383979;685
200;3,973288401;15,51488767;684
200;4,023945273;16,3182913;683
200;4,154501848;16,99608192;682
200;4,240848789;17,53328212;681
200;4,313149961;17,96238525;680
200;4,421831977;18,24114699;679
200;4,499198837;18,43437481;678
200;4,564822512;18,55552297;677
200;4,481929448;18,57581637;676
200;4,360122697;18,5610331;675
200;4,327656247;18,48083012;674
200;4,371405364;18,32705423;673
200;4,380845963;18,09695783;672
200;4,224500435;17,78512039;671
200;4,141377113;17,39390126;670
200;3,994702443;16,97565412;669
200;3,947729707;16,50980187;668
200;3,886711202;15,96879385;667
200;3,702734653;15,33674178;666
200;3,655992176;14,66444636;665
200;3,455206755;13,95604392;664
200;3,236461172;13,17774199;663
200;2,922388565;12,33742498;662
200;2,735879172;11,56848579;661
200;2,61269087;10,90874868;660
200;2,450588879;10,18475661;659
200;2,212731839;9,439873834;658
200;2,132141361;8,813242299;657
200;2,100826204;8,240263588;656
200;1,91454707;7,787328031;655
200;1,73379414;7,440130199;654
200;1,581593265;7,143210424;653
200;1,676920288;6,877783498;652
200;1,645835389;6,719483028;651
200;1,591494381;6,655302723;650
200;1,539686217;6,632888893;649
200;1,54221906;6,667144273;648
200;1,536232339;6,702668923;647
200;1,409129642;6,748691189;646
200;1,460937806;6,845633614;645
200;1,682446492;6,940590004;644
200;1,734254657;7,069592717;643
200;1,741853188;7,171597292;642
200;1,61014532;7,228221703;641
200;1,664486329;7,26746457;640
200;1,735636208;7,317578369;639
200;1,763497488;7,379847302;638
200;1,845930034;7,424973612;637
200;1,883692429;7,401424905;636
200;1,849383912;7,416297773;635
200;1,728958711;7,412788612;634
200;1,715833976;7,389568423;633
200;1,781918168;7,352804367;632
200;1,747379392;7,294955483;631
200;1,674847962;7,267494436;630
200;1,681985975;7,190218242;629
200;1,705242085;7,134743641;628
200;1,632019879;7,05673575;627
200;1,605079633;6,999648428;626
200;1,610605837;6,928733521;625
200;1,648368233;6,852920722;624
200;1,626723933;6,784141177;623
200;1,591494381;6,71754179;622
200;1,575836803;6,61096784;621
200;1,536923114;6,535827007;620
200;1,441135575;6,491074012;619
200;1,429852908;6,393728407;618
200;1,438372472;6,305939664;617
200;1,424556962;6,175294366;616
200;1,346269069;6,115444514;615
200;1,431694976;6,028506929;614
200;1,398077233;5,921485;613
200;1,188311731;5,793273716;612
200;1,197982589;5,688790329;611
200;1,258310318;5,564700441;610
200;1,161601744;5,478166036;609
200;1,159989935;5,382716871;608
200;1,036571374;5,30051292;607
200;1,089530831;5,211454907;606
200;1,185548629;5,189279999;605
200;1,124530124;5,168732744;604
200;1,180713201;5,16129631;603
200;1,15768735;5,159041488;602
200;1,235975243;5,198224625;601
200;1,283869013;5,246994489;600
200;4,012432348;19,52409607;500
200;3,961545217;19,69924051;499
200;3,926545924;19,85135888;498
200;4,051115778;19,91298571;497
200;4,14183763;19,9436274;496
200;4,17430408;19,97090926;495
200;4,1247985;19,96922187;494
200;4,153811073;19,88543507;493
200;4,049503968;19,82400236;492
200;4,188119591;19,74611393;491
200;4,082200676;19,67355644;490
200;3,994241926;19,587694;489
200;3,997235286;19,5598895;488
200;4,035688457;19,45586903;487
200;4,024175532;19,4861374;486
200;4,083812486;19,48713789;485
200;4,094634636;19,56775898;484
200;4,009899504;19,68701071;483
200;4,057332757;19,90393656;482
200;4,136771943;20,16064285;481
200;4,244532925;20,44221191;480
200;4,202856135;20,80355091;479
200;4,288051784;21,20473009;478
200;4,376240793;21,650498;477
200;4,406865174;22,08031789;476
200;4,554460879;22,53604584;475
200;4,58830888;22,95469616;474
200;4,644261697;23,44636687;473
200;4,756397591;23,81173768;472
200;4,749720095;24,2728563;471
200;4,860013921;24,64818714;470
200;4,803830844;24,89439582;469
200;4,981129897;25,25634705;468
200;4,976294468;25,5268212;467
200;4,85241539;25,69276716;466
200;4,91113131;25,86559705;465
200;5,038234007;25,99631701;464
200;5,043760211;26,07133838;463
200;4,91113131;26,14364202;462
200;4,942676726;26,21227224;461
200;5,058727014;26,20770286;460
200;4,916427255;26,24018126;459
200;4,913433895;26,22566678;458
200;5,029023667;26,24737877;457
200;5,071621491;26,27636295;456
200;4,935999229;26,29744777;455
200;5,023036945;26,40448464;454
200;4,976294468;26,59627892;453
200;4,966853869;26,77794891;452
200;5,109844403;27,07876609;451
200;5,196191344;27,35489969;450
200;5,257670366;27,69504934;449
200;5,274248979;28,07853338;448
200;5,230730121;28,47281369;447
200;5,344247566;28,95645067;446
200;5,397207023;29,3653948;445
200;5,491382753;29,87734398;444
200;5,511184985;30,28255495;443
200;5,484014481;30,62336163;442
200;5,538816006;30,92274529;441
200;5,645886213;31,15397656;440
200;5,603748906;31,39698966;439
200;5,665688445;31,50862576;438
200;5,606512008;31,56283109;437
200;5,671214649;31,60798727;436
200;5,572433748;31,52282666;435
200;5,619867001;31,41151908;434
200;5,60927511;31,25112805;433
200;5,525691271;31,0821209;432
200;5,552861775;30,92128189;431
200;5,356911784;30,67292293;430
200;5,453850616;30,47763441;429
200;5,405496329;30,25572108;428
200;5,365891866;30,07133336;427
200;5,418851323;29,95017026;426
200;5,571512714;29,81650858;425
200;5,542960659;29,7699338;424
200;5,359674886;29,7198648;423
200;5,368194451;29,62902981;422
200;5,30188;29,61261888;421
200;5,336649035;29,59679033;420
200;5,481942154;29,53531283;419
200;5,393522887;29,47861375;418
200;5,333425416;29,4986981;417
200;5,424838044;29,41032698;416
200;5,432666833;29,25549088;415
200;5,578190211;29,129848;414
200;5,483093447;28,9443702;413
200;5,38224022;28,73700121;412
200;5,31270215;28,48438646;411
200;5,205862202;28,22564933;410
200;5,169941874;27,9631044;409
200;5,142310853;27,62962962;408
200;5,234183998;27,3411169;407
200;5,216454093;27,02078281;406
200;5,182836351;26,66931426;405
200;5,184678419;26,38747641;404
200;4,968465679;26,10408557;403
200;4,880276669;25,78785794;402
200;4,883500289;25,51223205;401
200;4,825475144;25,31186645;400
80;0,753973509;4,159908317;700
80;1,065052756;4,824692639;699
80;1,332613143;5,572576869;698
80;1,328238232;6,404845208;697
80;1,563562428;7,345658601;696
80;1,68375737;8,428809517;695
80;1,851615823;9,692898721;694
80;2,268844242;11,10440253;693
80;2,61975821;12,60441185;692
80;3,051723174;14,25374714;691
80;3,385137495;16,10595671;690
80;3,66236874;18,02380998;689
80;3,917955686;19,94709871;688
80;4,193114604;21,85302084;687
80;4,425675699;23,69119376;686
80;4,81780594;25,39137455;685
80;5,134871907;26,96830168;684
80;5,262204863;28,4392223;683
80;5,448714256;29,64561194;682
80;5,439503915;30,51071706;681
80;5,30894734;31,2280044;680
80;5,461378474;31,84345142;679
80;5,689564656;32,26162389;678
80;5,52677189;32,56099261;677
80;5,388847043;32,69260853;676
80;5,473812433;32,64354001;675
80;5,478187345;32,5328148;674
80;5,45424046;32,30189711;673
80;5,377564376;31,94019972;672
80;5,349703097;31,4926847;671
80;5,12980622;30,92721708;670
80;5,01398619;30,21294613;669
80;5,068787715;29,37288298;668
80;4,91198167;28,44700218;667
80;4,78533949;27,36474722;666
80;4,657546018;26,14211091;665
80;4,438109658;24,89016191;664
80;4,079597159;23,59758131;663
80;3,881114324;22,2395362;662
80;3,607106698;20,85701656;661
80;3,454675565;19,53540699;660
80;3,294645901;18,31720566;659
80;3,065538684;17,13968073;658
80;2,850246978;16,05322971;657
80;2,742025479;15,08074427;656
80;2,632652687;14,29634984;655
80;2,424038477;13,63703085;654
80;2,292791127;13,14255281;653
80;2,260094419;12,74928791;652
80;2,326639128;12,47391587;651
80;2,282199236;12,31127002;650
80;2,247660459;12,27965771;649
80;2,356112217;12,32436591;648
80;2,33561921;12,43337387;647
80;2,345290067;12,61653712;646
80;2,32479706;12,80452359;645
80;2,281738719;13,00097685;644
80;2,404927021;13,19520515;643
80;2,459037771;13,34842853;642
80;2,445913036;13,46735174;641
80;2,528345582;13,58958999;640
80;2,544003161;13,66489508;639
80;2,462491648;13,74765154;638
80;2,365552816;13,78671521;637
80;2,462952165;13,81375815;636
80;2,45143924;13,78044352;635
80;2,544693936;13,75456533;634
80;2,508313092;13,6989414;633
80;2,39433513;13,60102836;632
80;2,444531485;13,44638637;631
80;2,464103458;13,3491005;630
80;2,42357796;13,25666772;629
80;2,322954992;13,08035854;628
80;2,353809632;12,95635824;627
80;2,262397004;12,83571779;626
80;2,297626556;12,64835848;625
80;2,311211808;12,5329295;624
80;2,27690329;12,37373308;623
80;2,189405056;12,23939943;622
80;2,206674445;12,14233754;621
80;2,231312105;11,97981114;620
80;2,20437186;11,84390957;619
80;2,076348128;11,69743572;618
80;2,115031558;11,54274894;617
80;2,077038904;11,36381162;616
80;2,06529572;11,16023551;615
80;1,982172398;11,02897798;614
80;1,897667525;10,82464031;613
80;1,840102898;10,58740613;612
80;1,935890438;10,41351603;611
80;1,909410709;10,23360809;610
80;1,838721347;10,06982735;609
80;1,731420881;9,923368435;608
80;1,671783928;9,747298174;607
80;1,7562888;9,638379806;606
80;1,706783221;9,572721173;605
80;1,776781808;9,551651278;604
80;1,751223113;9,563970671;603
80;1,765499141;9,650355749;602
80;1,817307305;9,732709026;601
80;1,881779688;9,876181426;600
80;5,108392179;33,40078698;500
80;5,305263204;33,65129624;499
80;5,29513183;33,90135752;498
80;5,301579068;33,95472663;497
80;5,317466905;34,0765169;496
80;5,38930756;34,10933875;495
80;5,47427295;34,05674614;494
80;5,26266538;33,96146123;493
80;5,280395285;33,81881012;492
80;5,456543045;33,69963306;491
80;5,341183532;33,57920166;490
80;5,4201622;33,35536202;489
80;5,334966552;33,34470014;488
80;5,311249925;33,25677701;487
80;5,40934005;33,27951935;486
80;5,382630063;33,33215676;485
80;5,375031533;33,45030347;484
80;5,384932648;33,76774064;483
80;5,417859615;34,1211803;482
80;5,587790395;34,52548038;481
80;5,560159374;35,04903219;480
80;5,665157254;35,68496674;479
80;5,70591301;36,39523575;478
80;5,787654781;37,11204525;477
80;6,012617345;37,85628592;476
80;6,076859469;38,68538855;475
80;6,04278121;39,48473051;474
80;6,166199771;40,22214699;473
80;6,288927556;40,95033512;472
80;6,421326199;41,64894178;471
80;6,441128431;42,27953045;470
80;6,464154282;42,87935798;469
80;6,497541765;43,3870215;468
80;6,540830365;43,84658713;467
80;6,631552218;44,2302653;466
80;6,698787703;44,59584516;465
80;6,724806914;44,72384739;464
80;6,698787703;44,84047098;463
80;6,649512382;44,93702516;462
80;6,825429883;44,94022073;461
80;6,651584708;45,04164294;460
80;6,635466612;45,04276288;459
80;6,693261498;44,99584466;458
80;6,611519728;45,04410682;457
80;6,578132244;45,07601778;456
80;6,653657035;45,20089909;455
80;6,694182532;45,27887712;454
80;6,700629771;45,4194526;453
80;6,60184887;45,70000624;452
80;6,770858616;46,1616923;451
80;6,888290456;46,67646375;450
80;6,929046212;47,21312638;449
80;6,926743627;47,7615559;448
80;7,021840391;48,40335896;447
80;6,903717776;49,09950173;446
80;6,948387927;49,81910362;445
80;7,014011602;50,53488277;444
80;7,194073756;51,16127538;443
80;7,165061184;51,79810588;442
80;7,169666354;52,23860258;441
80;7,257394846;52,56464092;440
80;7,183021348;52,82646909;439
80;7,235980805;52,98043911;438
80;7,195455307;53,0916123;437
80;7,24910554;53,02952256;436
80;7,187856776;52,97237551;435
80;7,180488504;52,69445;434
80;7,139502489;52,39127346;433
80;7,01585367;52,08470723;432
80;6,938947328;51,68951603;431
80;6,970492744;51,28833686;430
80;7,094141563;50,86434067;429
80;7,037037453;50,50330032;428
80;6,966808607;50,19515123;427
80;6,932960606;49,8858374;426
80;6,980624118;49,64911093;425
80;6,897500796;49,4094726;424
80;6,948387927;49,32240062;423
80;6,953914131;49,19351737;422
80;6,953223355;49,09693333;421
80;6,957598267;49,111627;420
80;6,941019654;49,02171783;419
80;6,840396686;48,94369501;418
80;6,837403325;48,86217796;417
80;6,735168547;48,68746656;416
80;6,79181214;48,50398973;415
80;6,707077009;48,27172811;414
80;6,66516996;47,9463916;413
80;6,816219542;47,56027942;412
80;6,737010615;47,1565169;411
80;6,661946341;46,76377465;410
80;6,560632597;46,27001337;409
80;6,504449521;45,79040819;408
80;6,424319559;45,27611459;407
80;6,4118856;44,66236989;406
80;6,385175613;44,20187843;405
80;6,376886307;43,68140274;404
80;6,240343011;43,22982605;403
80;6,297677379;42,82359966;402
80;6,349946061;42,35355134;401
80;6,39484647;42,03266475;400
80;0,784543176;3,209631205;700
80;1,165390751;3,693372711;699
80;1,307460251;4,243698671;698
80;1,263480876;4,847363871;697
80;1,652387498;5,525079823;696
80;1,881955232;6,363112146;695
80;2,046590066;7,31675264;694
80;2,254974017;8,371397227;693
80;2,606118243;9,539529557;692
80;3,003083913;10,80744151;691
80;3,394062862;12,18007576;690
80;3,747970191;13,57392924;689
80;4,047075995;14,98534345;688
80;4,317169226;16,38743973;687
80;4,411805473;17,75659469;686
80;4,564236606;19,00855862;685
80;4,8278826;20,1358055;684
80;4,939557977;21,17147075;683
80;5,036036292;22,00114082;682
80;5,191000269;22,62468131;681
80;5,248104379;23,13751152;680
80;5,274584108;23,56522592;679
80;5,38234509;23,83277327;678
80;5,263531699;23,98726593;677
80;5,253170066;24,09410867;676
80;5,362542858;24,07315823;675
80;5,285406258;23,92103986;674
80;5,310043918;23,72566175;673
80;5,263531699;23,48406725;672
80;5,206657847;23,20693316;671
80;5,037648102;22,76982616;670
80;4,913078248;22,21266107;669
80;4,860349049;21,65566024;668
80;4,747292121;21,01033309;667
80;4,583117804;20,24824796;666
80;4,468449067;19,44863721;665
80;4,405588494;18,56964478;664
80;4,15437646;17,60005627;663
80;3,866783582;16,61172735;662
80;3,637676365;15,6827555;661
80;3,51794194;14,72803986;660
80;3,331202289;13,78715181;659
80;3,024497955;12,92634727;658
80;2,783877813;12,09609483;657
80;2,701675525;11,35879781;656
80;2,621315305;10,78126466;655
80;2,464048743;10,36695973;654
80;2,388293694;10,0327234;653
80;2,360432414;9,71785464;652
80;2,312538644;9,519937988;651
80;2,241388765;9,462447487;650
80;2,198100165;9,455399301;649
80;2,391287054;9,467599233;648
80;2,379774129;9,513890286;647
80;2,292275895;9,671862239;646
80;2,284907623;9,829221954;645
80;2,382076714;9,99870694;644
80;2,441483409;10,10941722;643
80;2,463357968;10,2485293;642
80;2,44908194;10,31592012;641
80;2,509639928;10,40199161;640
80;2,569967657;10,46569407;639
80;2,449542457;10,51949622;638
80;2,406023599;10,52312484;637
80;2,448621423;10,52978478;636
80;2,503653207;10,49761997;635
80;2,516547683;10,46975574;634
80;2,41661549;10,45667478;633
80;2,324051569;10,39691453;632
80;2,359741638;10,3188917;631
80;2,42444428;10,2051949;630
80;2,470265723;10,08119461;629
80;2,356978536;9,971783466;628
80;2,370103271;9,86523938;627
80;2,366188877;9,750034388;626
80;2,422371953;9,670966283;625
80;2,433194103;9,578428974;624
80;2,310466317;9,475991353;623
80;2,228033771;9,373956912;622
80;2,221356274;9,243759592;621
80;2,20201456;9,176458373;620
80;2,185435947;9,067734128;619
80;2,121193823;8,921364805;618
80;2,119121496;8,813924763;617
80;2,053497821;8,704498686;616
80;1,991097765;8,580782113;615
80;1,969913982;8,416284616;614
80;1,955177438;8,240378614;613
80;1,939059342;8,13798579;612
80;1,916263749;7,996917539;611
80;1,868600238;7,864988037;610
80;1,867218687;7,748035931;609
80;1,779950712;7,669833916;608
80;1,670808179;7,545400578;607
80;1,625677511;7,436586738;606
80;1,76797727;7,391102045;605
80;1,83590353;7,396164196;604
80;1,741497541;7,358623645;603
80;1,817943366;7,405601597;602
80;1,843041544;7,485028085;601
80;1,919487369;7,557839432;600
80;4,711371794;24,25717263;500
80;4,790120204;24,45499969;499
80;4,736469971;24,57408716;498
80;4,786896585;24,68452865;497
80;4,87255275;24,68976999;496
80;4,956827365;24,70179073;495
80;4,924360915;24,67459847;494
80;4,812455279;24,59729241;493
80;4,799100286;24,50105182;492
80;4,887059036;24,42588112;491
80;4,891664207;24,2949969;490
80;4,894657567;24,20788013;489
80;4,830185185;24,14328171;488
80;4,768245646;24,07615968;487
80;4,943242113;24,07078395;486
80;4,954985297;24,07533839;485
80;4,907782302;24,18930398;484
80;4,909163853;24,31921758;483
80;4,896039118;24,50060384;482
80;5,077252565;24,70191019;481
80;5,032352156;25,01159734;480
80;5,129290988;25,39812764;479
80;5,119389872;25,78352305;478
80;5,242808433;26,29702523;477
80;5,283103672;26,79886504;476
80;5,431850669;27,28960994;475
80;5,339517007;27,77536734;474
80;5,450962126;28,26202071;473
80;5,530861828;28,73087441;472
80;5,692273043;29,14871837;471
80;5,647602893;29,53784693;470
80;5,771481971;30,01537648;469
80;5,751679739;30,31137043;468
80;5,740397072;30,60766304;467
80;5,835724095;30,82169196;466
80;5,862203823;30,98919091;465
80;5,941412751;31,10757655;464
80;5,83342151;31,19806809;463
80;5,873947007;31,29901245;462
80;5,957991363;31,28516993;461
80;5,964208343;31,30704619;460
80;5,782994896;31,30983859;459
80;5,917005349;31,30065504;458
80;5,911248886;31,35529341;457
80;5,822369101;31,38051457;456
80;5,789442134;31,45407255;455
80;5,757896719;31,54271245;454
80;5,830658408;31,63530949;453
80;5,670628744;31,93258765;452
80;5,87348649;32,18950299;451
80;6,110883013;32,52469501;450
80;6,046640889;33,01285657;449
80;6,147724375;33,40135797;448
80;6,206670553;33,879888;447
80;6,189631424;34,34303745;446
80;6,177197464;34,84344374;445
80;6,078416564;35,42323171;444
80;6,195387886;35,82969702;443
80;6,158546525;36,20541612;442
80;6,275748106;36,50866732;441
80;6,333082475;36,77167516;440
80;6,301537059;36,91245969;439
80;6,317885413;37,04865992;438
80;6,285418963;37,17551234;437
80;6,188019614;37,10777807;436
80;6,207821846;37,00934239;435
80;6,209663914;36,84211222;434
80;6,148184892;36,68705213;433
80;6,020391419;36,48647747;432
80;6,139435069;36,23428083;431
80;6,172362035;35,97578263;430
80;6,169138416;35,70983306;429
80;6,172362035;35,44694468;428
80;6,134369381;35,22158191;427
80;6,060226141;35,07491394;426
80;6,106968619;34,93174019;425
80;6,056772264;34,76213574;424
80;6,127231368;34,67433207;423
80;6,053318386;34,64245097;422
80;6,101212156;34,61119704;421
80;6,0388121;34,56296475;420
80;5,934274737;34,47441445;419
80;5,9183869;34,48032776;418
80;5,968352996;34,45170197;417
80;5,890755879;34,35611841;416
80;5,96466886;34,23473132;415
80;5,949011281;34,04334021;414
80;5,900196477;33,85943034;413
80;5,938879907;33,61756705;412
80;5,863815633;33,35951683;411
80;5,710693724;33,04924731;410
80;5,730495956;32,76663296;409
80;5,737403711;32,44674685;408
80;5,680760118;32,02903729;407
80;5,620892906;31,66312892;406
80;5,414351023;31,3217996;405
80;5,480435215;31,00170443;404
80;5,477441854;30,6612412;403
80;5,572538619;30,38577957;402
80;5,588886973;30,14799288;401
80;5,550203543;29,90696582;400
80;0,624196622;4,115907126;700
80;0,775476463;4,764698636;699
80;0,932512766;5,501502878;698
80;0,844323757;6,273249398;697
80;1,164613343;7,183226977;696
80;1,389575907;8,271395246;695
80;1,377372206;9,426879665;694
80;1,590131068;10,68368176;693
80;1,89729592;12,13404019;692
80;2,103837803;13,71281896;691
80;2,256959711;15,40530946;690
80;2,555374739;17,24717074;689
80;2,852177958;19,13920555;688
80;2,982043757;20,99599942;687
80;3,086350862;22,76392941;686
80;3,334799793;24,44978984;685
80;3,5839395;26,00215284;684
80;3,660385326;27,39467732;683
80;3,741436321;28,61287865;682
80;3,820414989;29,60164062;681
80;3,845743426;30,41310785;680
80;3,938077088;31,04360693;679
80;4,087975377;31,50724916;678
80;3,99333913;31,91470002;677
80;3,846894718;32,17425843;676
80;3,843210582;32,25449128;675
80;3,839065929;32,24651728;674
80;3,896170039;32,12106852;673
80;3,904689604;31,8359903;672
80;3,811895425;31,42735976;671
80;3,524993322;30,92586339;670
80;3,600287855;30,22026828;669
80;3,691470224;29,44793939;668
80;3,49598075;28,58111702;667
80;3,358055903;27,52321712;666
80;3,213453559;26,34970906;665
80;3,084048277;25,1335087;664
80;2,962471784;23,81343718;663
80;2,804974963;22,51350974;662
80;2,584157053;21,1758327;661
80;2,459817458;19,87335179;660
80;2,3080771;18,64323424;659
80;2,159330103;17,45264329;658
80;1,899137988;16,37382282;657
80;1,741410909;15,45506488;656
80;1,685458091;14,70892776;655
80;1,689372486;14,11932907;654
80;1,538092645;13,65537326;653
80;1,585065381;13,26095855;652
80;1,638715614;12,98809519;651
80;1,583223313;12,84771384;650
80;1,63618277;12,81139776;649
80;1,681773955;12,89154101;648
80;1,653452158;13,01946858;647
80;1,620064675;13,24026197;646
80;1,656215261;13,45448502;645
80;1,698352568;13,66431788;644
80;1,751312025;13,87934729;643
80;1,675326717;14,05682122;642
80;1,652991641;14,19550025;641
80;1,84479698;14,34104828;640
80;1,796442693;14,44938428;639
80;1,690754037;14,50193209;638
80;1,622597518;14,54768557;637
80;1,696740758;14,55455457;636
80;1,777331236;14,5437135;635
80;1,772265549;14,46191273;634
80;1,710786527;14,35256132;633
80;1,674175424;14,26771429;632
80;1,612696402;14,10941383;631
80;1,663583533;13,96529932;630
80;1,708714201;13,76384365;629
80;1,706872133;13,60185483;628
80;1,635722253;13,41241989;627
80;1,612696402;13,23847006;626
80;1,703187996;13,07964695;625
80;1,634570961;12,96578589;624
80;1,52957308;12,86366185;623
80;1,523586359;12,74061725;622
80;1,502632835;12,56881771;621
80;1,586677191;12,44507127;620
80;1,527040237;12,28408293;619
80;1,515297053;12,09611139;618
80;1,439772262;11,9517729;617
80;1,471547936;11,7914416;616
80;1,460035011;11,63333525;615
80;1,327866626;11,43225289;614
80;1,258558815;11,22686994;613
80;1,267999414;11,0335376;612
80;1,36747109;10,8073834;611
80;1,327406109;10,62329434;610
80;1,288031904;10,44634305;609
80;1,185797126;10,29058112;608
80;1,101061995;10,15214101;607
80;1,138133615;10,03778717;606
80;1,164152826;9,977041367;605
80;1,254874679;9,917086986;604
80;1,224020039;9,919162617;603
80;1,217112283;9,979729234;602
80;1,275597945;10,05873761;601
80;1,330169211;10,16426628;600
80;3,807750771;33,85277203;500
80;3,88834125;34,14112049;499
80;3,880972977;34,36243652;498
80;3,99495094;34,54562963;497
80;3,929327264;34,66041651;496
80;4,063107458;34,74989264;495
80;4,043535485;34,77538258;494
80;3,979984136;34,66211883;493
80;3,974918449;34,67469207;492
80;4,116527432;34,60077572;491
80;4,056890479;34,55246876;490
80;4,057581254;34,43514334;489
80;4,044226261;34,41538751;488
80;3,945905877;34,41171409;487
80;4,146921556;34,45107642;486
80;4,09534365;34,56078622;485
80;4,116757691;34,76945434;484
80;4,149914916;35,07915642;483
80;4,100179078;35,43217796;482
80;4,275405804;35,8726448;481
80;4,227281775;36,39285171;480
80;4,414712202;37,00056365;479
80;4,330667846;37,69672136;478
80;4,434744692;38,44718893;477
80;4,551716015;39,21473939;476
80;4,595465132;39,97129946;475
80;4,552637049;40,74440484;474
80;4,682733107;41,54087974;473
80;4,775297028;42,27011316;472
80;4,971707536;43,01774353;471
80;4,991740026;43,6538722;470
80;5,034337851;44,22474542;469
80;5,014765877;44,79773906;468
80;5,057363701;45,27214769;467
80;5,123908411;45,67202773;466
80;5,132658234;45,93851487;465
80;5,200123977;46,20407619;464
80;5,167887786;46,41299817;463
80;5,159828738;46,51038857;462
80;5,211867161;46,6276244;461
80;5,219465692;46,70113757;460
80;5,168578561;46,77521819;459
80;5,228215515;46,73331732;458
80;5,228906291;46,70590107;457
80;5,138184438;46,8177761;456
80;5,182394072;46,83886092;455
80;5,160749772;46,98572302;454
80;5,158907704;47,16121091;453
80;5,082692137;47,42859401;452
80;5,27541851;47,76275568;451
80;5,388014921;48,17446234;450
80;5,32170047;48,68582915;449
80;5,535150108;49,21774322;448
80;5,53952502;49,81449462;447
80;5,402981724;50,44426201;446
80;5,460546351;51,05097346;445
80;5,427619384;51,67654478;444
80;5,564392939;52,25715404;443
80;5,642450574;52,82332349;442
80;5,665015907;53,16127804;441
80;5,581662327;53,5092673;440
80;5,625871961;53,76607812;439
80;5,607221022;53,87269687;438
80;5,664325132;53,9532433;437
80;5,693567963;53,85467322;436
80;5,666397459;53,71515796;435
80;5,423014214;53,48594259;434
80;5,388935955;53,16029249;433
80;5,368673206;52,96358538;432
80;5,431073262;52,59891641;431
80;5,536992176;52,24822435;430
80;5,563241646;51,83813042;429
80;5,475052637;51,46005197;428
80;5,366831138;51,1927734;427
80;5,399067329;50,91993991;426
80;5,36798243;50,74227186;425
80;5,32630564;50,51329541;424
80;5,383640009;50,41033514;423
80;5,361304934;50,322636;422
80;5,365679845;50,21016367;421
80;5,349792008;50,27147692;420
80;5,342193477;50,24062617;419
80;5,205189664;50,15026902;418
80;5,249859815;50,01586071;417
80;5,158447187;49,88808247;416
80;5,110783676;49,76115539;415
80;5,05598215;49,50432964;414
80;5,108711349;49,31843373;413
80;5,131506941;49,00758184;412
80;5,130355649;48,5996382;411
80;5,012463292;48,21818499;410
80;5,040094313;47,79205344;409
80;5,07302128;47,3982659;408
80;4,901708949;46,94125375;407
80;4,836315533;46,44688023;406
80;4,804079341;45,94395034;405
80;4,921280922;45,5041704;404
80;4,786349436;45,11238383;403
80;4,921741439;44,6629873;402
80;5,101803594;44,34722258;401
80;4,924965059;43,99915866;400
20;0,437746504;1,753524511;700
20;0,609519352;2,05900516;699
20;0,791653833;2,310319231;698
20;0,743529804;2,602464915;697
20;0,773233152;3,039104409;696
20;1,01753743;3,542551003;695
20;1,186316918;4,039516126;694
20;1,279341355;4,613192432;693
20;1,327004867;5,294995214;692
20;1,367300106;6,068877871;691
20;1,459173251;6,909699902;690
20;1,740549149;7,727605305;689
20;1,848310132;8,601239782;688
20;1,794199382;9,495633154;687
20;1,921302079;10,33300777;686
20;2,130376806;11,11689372;685
20;2,116100778;11,80481422;684
20;2,199454358;12,42124839;683
20;2,273827857;12,98239165;682
20;2,355569628;13,41755131;681
20;2,467475263;13,72069235;680
20;2,49119189;13,92877733;679
20;2,451587426;14,08300988;678
20;2,345668512;14,20818328;677
20;2,397246418;14,21751693;676
20;2,504546883;14,18129841;675
20;2,495106284;14,09631177;674
20;2,447442773;13,98061256;673
20;2,434318038;13,81813763;672
20;2,406917275;13,60138038;671
20;2,418199942;13,31576577;670
20;2,445600705;13,02238827;669
20;2,376292894;12,68214412;668
20;2,34912239;12,27523342;667
20;2,305603531;11,83979266;666
20;2,243894251;11,35695615;665
20;2,204750304;10,81463727;664
20;1,971268176;10,26262925;663
20;1,90426295;9,714928429;662
20;1,79604145;9,077627888;661
20;1,68482659;8,47200719;660
20;1,535158559;7,944833784;659
20;1,517889171;7,43000328;658
20;1,486574014;6,928226658;657
20;1,373517086;6,52665655;656
20;1,350951752;6,192149825;655
20;1,28786092;5,901054073;654
20;1,37743148;5,697110955;653
20;1,208191476;5,549450814;652
20;1,041254057;5,415142173;651
20;1,098358167;5,407156075;650
20;1,001649593;5,43627309;649
20;1,095134548;5,501228341;648
20;1,251710334;5,584660743;647
20;1,22615164;5,654658975;646
20;1,155462277;5,749152867;645
20;1,077174384;5,850243971;644
20;1,09950946;5,97520243;643
20;1,171350114;6,086875527;642
20;1,174113217;6,090719766;641
20;1,261150933;6,114206831;640
20;1,382727426;6,148747118;639
20;1,34035986;6,141480265;638
20;1,292235832;6,13386619;637
20;1,266446879;6,140603944;636
20;1,226612157;6,130914806;635
20;1,230526551;6,089413552;634
20;1,330228486;6,049813749;633
20;1,40068759;5,9768724;632
20;1,248947232;5,932378426;631
20;1,340590119;5,879055101;630
20;1,231217327;5,809461961;629
20;1,129443066;5,756022896;628
20;1,191382605;5,703501487;627
20;1,195527258;5,658230398;626
20;1,18908002;5,54163006;625
20;1,060135254;5,47817117;624
20;1,063589132;5,452708248;623
20;1,210033544;5,373640918;622
20;1,064279908;5,296780925;621
20;1,154541243;5,253105402;620
20;1,159376672;5,165878362;619
20;1,081319037;5,105544467;618
20;1,03618837;5,090746211;617
20;1,030662165;5,01819342;616
20;0,936946952;4,914365879;615
20;1,009708641;4,852651364;614
20;1,054148533;4,780908757;613
20;1,017997947;4,707000148;612
20;1,000037784;4,623427203;611
20;0,967341075;4,540251083;610
20;0,886059821;4,476957537;609
20;0,900796366;4,43857301;608
20;0,901947659;4,390548948;607
20;0,79050254;4,338002738;606
20;0,876849481;4,333703804;605
20;0,88467827;4,328024249;604
20;0,925203768;4,369153481;603
20;0,926585319;4,387837313;602
20;1,045628968;4,455239649;601
20;1,049543363;4,549518595;600
20;2,226164346;15,10055946;500
20;2,358793247;15,20241941;499
20;2,350043424;15,18387612;498
20;2,354418335;15,16860664;497
20;2,377674445;15,15126209;496
20;2,219486849;15,0632414;495
20;2,243203475;14,9975421;494
20;2,244124509;14,9098025;493
20;2,330241192;14,71585441;492
20;2,21925659;14,62451858;491
20;2,228927448;14,53497673;490
20;2,137745078;14,38238108;489
20;2,278893544;14,33220755;488
20;2,151560589;14,24717958;487
20;2,254255884;14,22924806;486
20;2,255176918;14,25361972;485
20;2,228006414;14,29346753;484
20;2,227315638;14,38916844;483
20;2,265538551;14,57016185;482
20;2,245966577;14,73461264;481
20;2,365470744;14,97317872;480
20;2,391489955;15,27848576;479
20;2,392871506;15,60336948;478
20;2,286952592;15,94840033;477
20;2,388957112;16,30013586;476
20;2,33047145;16,68970202;475
20;2,339681791;16,98844492;474
20;2,490731373;17,30513587;473
20;2,543921088;17,5739929;472
20;2,574084953;17,90037298;471
20;2,532638421;18,14015434;470
20;2,435699589;18,36045821;469
20;2,475534311;18,53189476;468
20;2,582374259;18,69503934;467
20;2,564414096;18,75870491;466
20;2,636024492;18,79706463;465
20;2,636485009;18,89898245;464
20;2,624511567;18,89981744;463
20;2,740792114;18,87142794;462
20;2,653063622;18,85401725;461
20;2,601715974;18,8120365;460
20;2,482672325;18,78960763;459
20;2,546914449;18,76306171;458
20;2,49740887;18,73218379;457
20;2,621518206;18,70328172;456
20;2,669411976;18,68704497;455
20;2,615301226;18,763318;454
20;2,481751291;18,82690089;453
20;2,631419322;18,93870627;452
20;2,695661446;19,14870096;451
20;2,754147107;19,31099401;450
20;2,721910916;19,55892681;449
20;2,803652687;19,81734239;448
20;2,699575841;20,10200627;447
20;2,574775729;20,40002166;446
20;2,731581773;20,73946389;445
20;2,791448986;21,09874736;444
20;2,718917555;21,38353525;443
20;2,718457038;21,64596868;442
20;2,775100632;21,88446862;441
20;2,74908142;22,0315914;440
20;2,690595759;22,16334548;439
20;2,658820085;22,22277825;438
20;2,725134535;22,28817993;437
20;2,763817965;22,29304103;436
20;2,752765556;22,23121078;435
20;2,770034945;22,13238488;434
20;2,740561855;21,97973136;433
20;2,699806099;21,8675953;432
20;2,686220847;21,72989712;431
20;2,709476957;21,53267522;430
20;2,725364794;21,40515393;429
20;2,729279188;21,24010791;428
20;2,655826724;21,09178639;427
20;2,703029718;20,95959415;426
20;2,691747051;20,86628246;425
20;2,675168439;20,79694561;424
20;2,649840003;20,75406373;423
20;2,626583893;20,71685315;422
20;2,577308572;20,69920271;421
20;2,610465798;20,68630591;420
20;2,627965444;20,66383571;419
20;2,71661497;20,66274444;418
20;2,684839296;20,64088601;417
20;2,619906396;20,63892669;416
20;2,717766263;20,58501639;415
20;2,740792114;20,46811844;414
20;2,656978016;20,35192319;413
20;2,657668792;20,2135719;412
20;2,566716681;20,00683447;411
20;2,5915846;19,82751929;410
20;2,617143294;19,63310823;409
20;2,598031838;19,44054076;408
20;2,652372846;19,28080226;407
20;2,71661497;18,98062088;406
20;2,675628956;18,78849983;405
20;2,612998641;18,59795782;404
20;2,553361687;18,38416849;403
20;2,508691536;18,18650843;402
20;2,589282015;18,00724285;401
20;2,632110097;17,8600374;400
20;0,40468047;2,404649908;700
20;0,689970763;2,74224856;699
20;0,885460237;3,09431478;698
20;0,798422521;3,585649952;697
20;0,764344262;4,116617995;696
20;0,860822577;4,664103868;695
20;1,151869333;5,319807156;694
20;1,4040024;6,118946055;693
20;1,383739652;6,939232405;692
20;1,420811272;7,825904229;691
20;1,650148747;8,77598534;690
20;1,809257377;9,805927431;689
20;1,94925455;10,93008233;688
20;2,111356541;11,94959124;687
20;2,104909303;12,94732439;686
20;2,238919755;13,96680023;685
20;2,373390724;14,86496343;684
20;2,280366287;15,61392054;683
20;2,286813525;16,25434607;682
20;2,38651546;16,82845227;681
20;2,513618157;17,1898108;680
20;2,533650647;17,48690026;679
20;2,403094072;17,73175766;678
20;2,369015813;17,83985934;677
20;2,392041664;17,91151927;676
20;2,421745011;17,88160861;675
20;2,431646127;17,7638674;674
20;2,445691896;17,62241591;673
20;2,540788661;17,41150356;672
20;2,477237312;17,11656357;671
20;2,401482263;16,75120372;670
20;2,42358708;16,38299996;669
20;2,322043077;15,94264023;668
20;2,217045197;15,44857689;667
20;2,132540324;14,88518496;666
20;2,172144787;14,30443195;665
20;2,226716054;13,68555069;664
20;2,078199316;12,95119343;663
20;1,934287747;12,26379376;662
20;1,777021185;11,57938682;661
20;1,732581293;10,84448393;660
20;1,650379005;10,14109553;659
20;1,5677162;9,496172649;658
20;1,500020199;8,889824439;657
20;1,418278428;8,376680441;656
20;1,391568441;7,986849732;655
20;1,264465744;7,673821146;654
20;1,262393417;7,406857298;653
20;1,15693502;7,198491239;652
20;1,065061875;7,061520564;651
20;1,120784434;7,039761341;650
20;1,176506993;7,032420083;649
20;1,280583839;7,114910027;648
20;1,218183783;7,215124809;647
20;1,207361633;7,334949348;646
20;1,15532321;7,48198945;645
20;1,092462637;7,555881525;644
20;1,168908462;7,667934912;643
20;1,212657579;7,797779275;642
20;1,122626502;7,847167422;641
20;1,179500354;7,857517934;640
20;1,350812685;7,916016515;639
20;1,235913689;7,893877001;638
20;1,207361633;7,853103259;637
20;1,176737252;7,815801732;636
20;1,228775675;7,803219081;635
20;1,243051702;7,800838133;634
20;1,318806752;7,716330996;633
20;1,375680604;7,653053984;632
20;1,211506287;7,56874526;631
20;1,304991241;7,486371057;630
20;1,300846588;7,418051063;629
20;1,191704055;7,351186094;628
20;1,275057635;7,2491856;627
20;1,230157226;7,16386828;626
20;1,160388898;7,074004009;625
20;1,112955645;7,043299695;624
20;1,151639074;6,926285998;623
20;1,206901116;6,856246431;622
20;1,054239725;6,794837801;621
20;1,09200212;6,709900772;620
20;1,100751944;6,644027864;619
20;1,067134201;6,537166267;618
20;1,059305412;6,477923639;617
20;1,111804352;6,39935234;616
20;1,087857467;6,296740075;615
20;1,04410835;6,1993196;614
20;1,037661112;6,103155737;613
20;1,043187316;6,01281197;612
20;1,052167398;5,891102513;611
20;1,078647127;5,805669453;610
20;0,935886851;5,733926846;609
20;0,890756183;5,648841007;608
20;0,961445545;5,620434969;607
20;0,86496723;5,619509044;606
20;0,926676511;5,571691663;605
20;0,999207941;5,566069979;604
20;1,02246405;5,589201554;603
20;0,895131095;5,616450187;602
20;1,036740078;5,698262222;601
20;1,004734145;5,80145319;600
20;2,171223753;19,11406359;500
20;2,266550776;19,15510189;499
20;2,195400897;19,15131552;498
20;2,203459945;19,14675203;497
20;2,155335916;19,10035661;496
20;2,208986149;19,01852804;495
20;2,106290854;18,88413672;494
20;2,200006067;18,79552907;493
20;2,257800953;18,54637273;492
20;2,098922581;18,45144894;491
20;2,311911703;18,34055296;490
20;2,206223047;18,16654531;489
20;2,107902663;18,06538807;488
20;2,049186743;18,01664476;487
20;2,153493848;18,00455814;486
20;2,169611944;17,99362893;485
20;2,143132215;18,05037487;484
20;2,164546257;18,21945528;483
20;2,135303426;18,43268244;482
20;2,18411823;18,65106832;481
20;2,277833443;18,97753935;480
20;2,269313878;19,32555465;479
20;2,218196489;19,74083174;478
20;2,172375046;20,22897578;477
20;2,264248191;20,62469273;476
20;2,30454343;21,05638845;475
20;2,256879919;21,48290891;474
20;2,398949419;21,88518999;473
20;2,339772982;22,2514427;472
20;2,331944193;22,63216297;471
20;2,430264576;22,97124972;470
20;2,4173701;23,22234058;469
20;2,477007054;23,48283949;468
20;2,491283081;23,6663544;467
20;2,323194369;23,75473057;466
20;2,446152413;23,81241897;465
20;2,445231379;23,91306365;464
20;2,441316985;23,92159538;463
20;2,5810839;23,90848363;462
20;2,625293534;23,89188313;461
20;2,387436494;23,87490233;460
20;2,439474917;23,81341103;459
20;2,414606998;23,72396012;458
20;2,465724387;23,72658909;457
20;2,549768743;23,70254812;456
20;2,508091952;23,73688999;455
20;2,588912689;23,77091772;454
20;2,369936847;23,84161866;453
20;2,410232086;24,02205818;452
20;2,478849122;24,20074505;451
20;2,540788661;24,43832733;450
20;2,633122323;24,71102861;449
20;2,648779902;25,05150424;448
20;2,587531138;25,42256844;447
20;2,493355408;25,77972725;446
20;2,551841069;26,22790773;445
20;2,485066102;26,64430916;444
20;2,513848415;26,98164326;443
20;2,560821151;27,28157663;442
20;2,66604929;27,53205572;441
20;2,573715628;27,77547463;440
20;2,525131082;27,95311984;439
20;2,598583547;28,01214752;438
20;2,559209342;28,10272277;437
20;2,634964391;28,08154225;436
20;2,615392418;28,0738207;435
20;2,541939953;27,98043461;434
20;2,543782021;27,80237604;433
20;2,519374619;27,71037884;432
20;2,52236798;27,54501866;431
20;2,443389311;27,32962549;430
20;2,560590893;27,16037974;429
20;2,59651122;26,93931529;428
20;2,418981909;26,81072754;427
20;2,469638781;26,67946122;426
20;2,53940711;26,51988807;425
20;2,454671978;26,44424335;424
20;2,485066102;26,41345636;423
20;2,481612224;26,365887;422
20;2,480000414;26,29690563;421
20;2,604800526;26,24245797;420
20;2,636115684;26,31582094;419
20;2,52858496;26,32537781;418
20;2,502105231;26,32226935;417
20;2,602037424;26,2798587;416
20;2,629898704;26,16477952;415
20;2,588221914;26,02878438;414
20;2,438553883;25,91449885;413
20;2,454211461;25,70490925;412
20;2,445922155;25,49475748;411
20;2,56404477;25,27620625;410
20;2,512466864;25,03943415;409
20;2,482763516;24,77643855;408
20;2,443159053;24,53429279;407
20;2,511085313;24,23619473;406
20;2,52075617;23,96021965;405
20;2,49773032;23,73680732;404
20;2,499572388;23,44431442;403
20;2,384443133;23,19161973;402
20;2,396416575;23,02740042;401
20;2,458125856;22,86781073;400
20;0,569903489;1,693649627;700
20;0,874535497;1,939694041;699
20;0,956968043;2,257340262;698
20;0,944534084;2,584423885;697
20;0,988743718;2,934025865;696
20;1,118839775;3,352586582;695
20;1,390775075;3,883096985;694
20;1,726261723;4,397644441;693
20;1,798332636;4,955123115;692
20;1,92129068;5,643008166;691
20;2,110563175;6,428298553;690
20;2,28118473;7,11052415;689
20;2,399998121;7,832365929;688
20;2,428319918;8,597362915;687
20;2,565784248;9,254471882;686
20;2,697031598;9,921705151;685
20;2,76933277;10,51868055;684
20;2,789595519;10,9995102;683
20;2,872488582;11,48151952;682
20;2,968506381;11,83861767;681
20;2,972420775;12,08657345;680
20;2,980249565;12,28610283;679
20;2,942026652;12,35922776;678
20;2,995446626;12,44222314;677
20;2,988769129;12,52021609;676
20;2,997518953;12,48557247;675
20;3,066135989;12,4084008;674
20;3,073274002;12,30803881;673
20;3,099293214;12,17609438;672
20;2,971960258;11,96000475;671
20;2,947552856;11,71366169;670
20;2,958835523;11,47771171;669
20;2,812391111;11,18527171;668
20;2,656275842;10,82812877;667
20;2,660420495;10,44548095;666
20;2,701636768;10,01119621;665
20;2,69058436;9,594636461;664
20;2,501081607;9,119675322;663
20;2,438221034;8,61980661;662
20;2,315723507;8,106125245;661
20;2,0665838;7,607152488;660
20;1,927968177;7,157860485;659
20;1,956750491;6,717259254;658
20;1,84714744;6,297384468;657
20;1,737314131;5,93555269;656
20;1,757116363;5,656865617;655
20;1,684815191;5,442000467;654
20;1,597316958;5,233511536;653
20;1,56761361;5,112960674;652
20;1,49508218;5,017377115;651
20;1,538140521;5,015286552;650
20;1,368209741;5,051408506;649
20;1,403209034;5,04510695;648
20;1,534226126;5,085439896;647
20;1,529390697;5,183412671;646
20;1,501989935;5,310772797;645
20;1,392617143;5,412941632;644
20;1,401827483;5,481213469;643
20;1,519489582;5,591162187;642
20;1,452714614;5,642978301;641
20;1,4239323;5,614277848;640
20;1,610671951;5,656342976;639
20;1,619652033;5,64544218;638
20;1,567153093;5,604332738;637
20;1,514423894;5,597299484;636
20;1,461234179;5,566911648;635
20;1,583501447;5,539465533;634
20;1,664322184;5,522307978;633
20;1,685966484;5,460457158;632
20;1,592251271;5,386092821;631
20;1,651888224;5,36229026;630
20;1,622875652;5,295257828;629
20;1,500378125;5,243128129;628
20;1,533995868;5,185085122;627
20;1,531463024;5,133119681;626
20;1,527548629;5,065131563;625
20;1,424162559;5,034788525;624
20;1,506595105;4,967263317;623
20;1,47804305;4,908921657;622
20;1,33597355;4,836319367;621
20;1,373735945;4,788355863;620
20;1,461234179;4,710258376;619
20;1,446497634;4,653469707;618
20;1,395610504;4,580105853;617
20;1,359459918;4,545731013;616
20;1,30189529;4,478564188;615
20;1,313868733;4,433437878;614
20;1,310645114;4,371572125;613
20;1,31271744;4,265207231;612
20;1,176404403;4,214555859;611
20;1,257225139;4,161022496;610
20;1,186305519;4,072188471;609
20;1,239034717;4,055135444;608
20;1,191371206;3,996345807;607
20;1,158444239;3,954848117;606
20;1,099267802;3,954415072;605
20;1,169957164;3,969302872;604
20;1,222916622;3,996674324;603
20;1,265053929;4,026300598;602
20;1,26942884;4,066842601;601
20;1,344493115;4,134427539;600
20;2,781996988;13,36281779;500
20;2,882619957;13,36726771;499
20;2,794430948;13,36426625;498
20;2,782457505;13,33641696;497
20;2,84508782;13,33172812;496
20;2,943177945;13,24381992;495
20;2,785450866;13,19258618;494
20;2,800417669;13,03824284;493
20;2,868804446;12,93531245;492
20;2,72305081;12,85387006;491
20;2,777852335;12,77368201;490
20;2,793509914;12,64977131;489
20;2,766799926;12,5952076;488
20;2,674236006;12,53947914;487
20;2,72765598;12,50933023;486
20;2,863047983;12,54649747;485
20;2,785681124;12,5742273;484
20;2,857982296;12,67163264;483
20;2,830121017;12,86169474;482
20;2,902422188;13,03185169;481
20;2,884922542;13,24913592;480
20;2,918079767;13,54190444;479
20;2,882619957;13,77583851;478
20;2,817687057;14,13160766;477
20;2,969197156;14,43787524;476
20;2,866271602;14,75562599;475
20;3,000282055;15,01967912;474
20;3,018932994;15,29037725;473
20;3,021005321;15,53491347;472
20;3,198074114;15,80045986;471
20;3,21879738;15,9944343;470
20;3,165607665;16,21283848;469
20;3,142812072;16,33688357;468
20;3,222711775;16,4830737;467
20;3,087780288;16,53874243;466
20;3,00880162;16,58122567;465
20;3,093306493;16,62999553;464
20;3,175048263;16,63446038;463
20;3,336919995;16,61310676;462
20;3,246428401;16,59738274;461
20;3,204291094;16,58988657;460
20;3,146956725;16,56341108;459
20;3,277052783;16,52088304;458
20;3,252645381;16,5331875;457
20;3,137055609;16,47426347;456
20;3,218567122;16,50329244;455
20;3,274750198;16,61252439;454
20;3,117713895;16,63142906;453
20;3,285802606;16,72571348;452
20;3,160311719;16,93026021;451
20;3,181265243;17,08033282;450
20;3,342676458;17,29128563;449
20;3,443069168;17,51484155;448
20;3,381590146;17,78023861;447
20;3,325176812;18,06704902;446
20;3,288105192;18,33174424;445
20;3,225705135;18,60265143;444
20;3,295012947;18,882115;443
20;3,352347316;19,09832409;442
20;3,468858121;19,26432978;441
20;3,4412271;19,39343702;440
20;3,3640905;19,49178311;439
20;3,370998255;19,56693887;438
20;3,382741439;19,61058685;437
20;3,434779862;19,61069138;436
20;3,452970284;19,57465902;435
20;3,365472051;19,53463966;434
20;3,352347316;19,44344629;433
20;3,361557656;19,34489114;432
20;3,274750198;19,21927813;431
20;3,266921409;19,07941942;430
20;3,407609358;18,97068024;429
20;3,368235153;18,84723245;428
20;3,325637329;18,76225104;427
20;3,396096432;18,67255092;426
20;3,398859534;18,6433129;425
20;3,36869567;18,55649477;424
20;3,341985683;18,50642577;423
20;3,297315532;18,50402163;422
20;3,256790034;18,52503179;421
20;3,345669819;18,51098022;420
20;3,467706829;18,48514682;419
20;3,362248432;18,49722729;418
20;3,242283748;18,46076189;417
20;3,381820405;18,4321809;416
20;3,472311999;18,36964318;415
20;3,419813059;18,31717003;414
20;3,301460185;18,23893815;413
20;3,281427695;18,1288849;412
20;3,232382632;17,95257572;411
20;3,286953899;17,78226944;410
20;3,310440267;17,61829459;409
20;3,287874933;17,51415465;408
20;3,208205489;17,36320102;407
20;3,310210008;17,10067102;406
20;3,259322878;16,92491434;405
20;3,255869;16,78157633;404
20;3,366162826;16,61410725;403
20;3,244125816;16,43972437;402
20;3,276822525;16,33259791;401
20;3,353959125;16,23487899;400
