wl;Ed_20;Ed_80;Ed_200
325;4.58177024797557e-05;6.61217665402794e-05;8.93934653971574e-05
326;3.04224535971326e-05;7.57087993532068e-05;0.000170165037634734
327;6.37792089215653e-06;8.42622499292566e-05;0.000211941096554854
328;-1.33407586870291e-05;8.32885219807598e-05;0.000141829147137282
329;-7.57206914722731e-06;8.36686819345344e-05;-1.40305751657586e-06
330;-1.11827935976481e-06;8.92687726316841e-05;-2.75963331917759e-05
331;-1.39822930954331e-05;0.000101868109617554;0.000203537299672709
332;-3.3583234993079e-06;0.000102930796674419;0.000201806130759147
333;1.93355242253438e-05;9.3615786674028e-05;6.34149419762293e-05
334;9.34479960355174e-06;8.09560434934737e-05;0.000242795999148651
335;5.80413115384692e-06;9.17200156837743e-05;0.000301959178816396
336;1.62189581095909e-05;0.000120322432522083;0.000151118346783889
337;9.60184559556925e-06;8.77145270285752e-05;0.000112337563636956
338;-3.1615319214807e-06;5.62981129314555e-05;0.000150468239523773
339;-9.81469779824618e-06;8.41726128820914e-05;0.000213102961304103
340;-4.55340700682395e-07;0.00010325932666612;0.0003233171551566
341;1.55163694612929e-05;0.000100574905893232;0.000389247899875648
342;1.21831014295884e-05;7.54795826530203e-05;0.00019113518766578
343;7.51203012497975e-06;7.14009555146643e-05;5.72096869126877e-05
344;7.81471838458081e-06;9.89651118211425e-05;0.000101578103584632
345;1.11748010256776e-05;0.000122502446194128;0.000230794688944782
346;1.45888387706238e-05;0.000129537862271318;0.000331805128685197
347;1.51205293400438e-05;0.000112426157349828;0.000304435009466172
348;9.16144019911855e-06;0.000103514535442714;0.000197635825977084
349;3.5807520513316e-06;0.000103791935896859;8.89527216971127e-05
350;2.13148680432596e-05;9.73642867300827e-05;0.000141075862079935
351;1.86092285246985e-05;8.8566775443386e-05;0.000193732320147826
352;-1.23440756306169e-05;8.00702546325371e-05;0.000184704421196732
353;-2.36196358523164e-06;7.77556274008439e-05;0.000180588381974587
354;1.81632263752139e-05;7.8201636603867e-05;0.000179676039187497
355;6.69428346033974e-06;7.68140149651567e-05;0.000173781355963905
356;4.10448574080403e-06;9.0277403518884e-05;0.000165372857356301
357;1.4583459401925e-05;0.000129954322111542;0.000193301603339202
358;2.03483485962579e-05;0.00021402453070323;0.000365147613821793
359;3.86616913336333e-05;0.000318317114144522;0.000559741423678144
360;7.22593905783231e-05;0.000425948895574169;0.000720501237301009
361;7.63883664612318e-05;0.000522211748655435;0.00094960064943169
362;6.42398292883643e-05;0.000599679229122845;0.00114816497441246
363;6.23858347639506e-05;0.000652911934799487;0.00116028657672254
364;7.43817231446439e-05;0.000685978682340415;0.00121124516353979
365;9.32970692663054e-05;0.000709404196187519;0.00133065658347792
366;8.79274312524265e-05;0.000755064345638356;0.00140697720181581
367;8.21395216143209e-05;0.000794769505375758;0.00138922176809537
368;9.09810682083663e-05;0.000796963827168969;0.00124659562226132
369;9.73252585717084e-05;0.000685802942674223;0.00105506657943984
370;9.12107958087157e-05;0.000494913328025906;0.000803132526031257
371;5.89029751521148e-05;0.000302058315475058;0.000435099637160324
372;2.57229679724247e-05;0.000168684341685539;0.000201787872419487
373;5.1277570440634e-06;0.000115059551495535;0.000162939195102386
374;1.21207748285727e-05;0.000102600789279129;0.000177199706840056
375;1.99039669280758e-05;0.000112419004266272;0.000193773036025251
376;7.07413240533813e-06;0.000126671125720236;0.000174764986352493
377;3.9384080255649e-06;0.00013205401543412;0.000181461709510059
378;9.64280396695304e-06;0.000130985018857027;0.000197484138521271
379;9.56344573188239e-06;0.000136769358044152;0.000160505902180986
380;1.63983199482677e-05;0.000146546898557109;0.000136752464317724
381;2.84981424169672e-05;0.000158103889160126;0.000149381262614587
382;1.73618066067956e-05;0.000163331647789795;0.000183128816337051
383;3.65860882307011e-06;0.000170784453326468;0.000220406437749261
384;9.70282193026603e-06;0.000188841518948431;0.000244206596287454
385;2.58695023909569e-05;0.000204655752091015;0.000268400025031736
386;4.17898337607221e-05;0.000210352437261599;0.00028007819827785
387;3.51178158001127e-05;0.000186435882825098;0.000235753921742283
388;3.25065304581545e-05;0.000193934494640067;0.000199255825739482
389;4.10464603305163e-05;0.000248007094148176;0.000200767151634396
390;2.87218512031926e-05;0.000269144060284545;0.000228810953335731
391;1.46116403090876e-05;0.000267288203364152;0.000271422486426404
392;2.50279149574033e-05;0.000264529290491569;0.000315023692107096
393;4.1934586873436e-05;0.000269883405176453;0.000352737092036058
394;5.31841526350465e-05;0.000284977664048172;0.000382373919214065
395;3.23906193372262e-05;0.000298065196589507;0.000396044699851856
396;2.54823207895365e-05;0.000320740983035249;0.000416655768374373
397;5.96687379897889e-05;0.000385712447067981;0.000523148746054569
398;0.00012169429822568;0.000650913301804794;0.00111210615051723
399;0.000203598501219921;0.00104503041993242;0.00200812400603312
400;0.000298688554688912;0.00143798986173455;0.0028869347775248
401;0.000365892025335638;0.00174049309910135;0.00356311628121043
402;0.000403512430173928;0.00194400337620913;0.00402408311448997
403;0.000457845709695744;0.00216256980868824;0.0045386522265535
404;0.0005113372056937;0.00234682067684822;0.00497583366433976
405;0.000548022829048169;0.00245540857312431;0.00521894681686987
406;0.000556431084012694;0.0024995605048693;0.0051975922832769
407;0.000525371000170292;0.00239559921206827;0.00482339749678705
408;0.000433659918637766;0.00196370470318341;0.0039028062461338
409;0.000337211527551992;0.00147291172222305;0.0029870000668182
410;0.000262017220844106;0.00106743428756593;0.00233680315811037
411;0.000212014314505723;0.0008674801414721;0.00202269196643526
412;0.000189434025138596;0.000810361582469499;0.0019788653965705
413;0.000194885392807;0.000821817095518449;0.00212312254254707
414;0.000220470937760763;0.000865719782192987;0.00231776742748033
415;0.00025428341341463;0.00092358018680831;0.00253718909076408
416;0.000275002659882395;0.000991518179320382;0.00283740711998473
417;0.000296318642928963;0.00106061915702831;0.00313841038880043
418;0.000324807305709076;0.00112758646595209;0.0034078351583253
419;0.000363699064937852;0.00120367815555427;0.00369353885762589
420;0.000403501910038701;0.00128971684351443;0.00400941132465442
421;0.000431597658845965;0.00138492203057696;0.00436585212556152
422;0.000460370685916348;0.00148648362652704;0.00472854549017461
423;0.000493638439566671;0.00159096311418732;0.00509785602552165
424;0.000531199844891331;0.00168955816192913;0.00550349709910478
425;0.000575327191790263;0.00179249499450095;0.00592596638143561
426;0.000626880383576286;0.00190909962064026;0.00636048895578937
427;0.000656855715421868;0.00196703713459803;0.00667069263228097
428;0.000739547844600962;0.00223877418718414;0.00748079505531094
429;0.000986623448307004;0.0031233366083663;0.00968992052164006
430;0.00153040652643862;0.00509844217447346;0.0144643837569955
431;0.00233058570817063;0.00801690487308467;0.0214795698321978
432;0.00303982747116655;0.0106254600348209;0.027818741238604
433;0.00366551500247876;0.0129255876808582;0.0334315719788635
434;0.00422931346114056;0.0149753114191497;0.0383905887852136
435;0.00473953106535201;0.0168635874780492;0.0427869252704552
436;0.00508234713629218;0.0181585817070928;0.0454750235806506
437;0.00504401995378431;0.0180212107380706;0.0440953913282062
438;0.00449831039514368;0.0159688081258626;0.0385935979945645
439;0.00348242506092694;0.0121283531024099;0.0297951204986038
440;0.00249780065904892;0.00834451198694308;0.0218786743680154
441;0.00176280318036061;0.00550517727420738;0.0163292476644996
442;0.00147053331058938;0.00442661420336384;0.0143212564721952
443;0.00137305592041348;0.00407041506581487;0.0137099547439576
444;0.00136615111945308;0.00402984103995245;0.0136569079707273
445;0.0013844472572136;0.00410715643584471;0.0138697789592908
446;0.00141361652118168;0.00423412289014167;0.0141567489850677
447;0.0014389676125951;0.00434801405698814;0.0143637321005752
448;0.00145617978981161;0.00445075382609257;0.0145734122895685
449;0.00146784664189465;0.00454292603822023;0.0147702957348908
450;0.00148164914315147;0.00463102661621808;0.0149131420243192
451;0.00149378124034461;0.00472151286944052;0.0150514031128021
452;0.00150384558250558;0.00481409846635445;0.0151837447058256
453;0.00151713194637533;0.0048981173433363;0.0152450819041559
454;0.00152427562260289;0.00497660121745838;0.0152500869793736
455;0.00151719484913848;0.00505222736609191;0.0152192437271075
456;0.00152002550145185;0.00511082237431313;0.0151918494765692
457;0.00152683823558742;0.00515740979974867;0.0151682131027484
458;0.00150610244051397;0.00521234546395291;0.0151254773438308
459;0.00148941915840804;0.00526828163974899;0.0150422649961229
460;0.00148764391080352;0.0053216359662365;0.0149151221558029
461;0.00147182808647395;0.00537106475136203;0.0148014734651941
462;0.00144969911816292;0.0054121958889705;0.0146809600133309
463;0.00143550886549131;0.00543926736027304;0.0145157609292198
464;0.00142992417150586;0.00545864029618199;0.0143537204781608
465;0.00142688346352485;0.00547802529629255;0.014191861458704
466;0.00140384375508874;0.00551652402584911;0.0139698452688786
467;0.00137820845837159;0.0055495298082166;0.0137395305698029
468;0.0013616222076689;0.00556076463920056;0.0135345564741376
469;0.00134107602430122;0.00557117449613183;0.0132990117437822
470;0.00131603499772246;0.00558171144615319;0.0130466368844875
471;0.00128863999659299;0.00558763464568633;0.0128234705030857
472;0.00126454151318913;0.00558771056469286;0.0125847410428017
473;0.00124578257415871;0.00558434823758421;0.0123224539455427
474;0.00123029414593775;0.00558918304703137;0.0120672985072884
475;0.0012125479421517;0.00559942604166721;0.0118288532147064
476;0.0011882635019513;0.00561220753570873;0.011618951128104
477;0.00118467485514581;0.00563944986929075;0.011492064499188
478;0.00120209816805298;0.00569641119445872;0.0115133520569003
479;0.00121877902150848;0.00580139367122981;0.0117552422950465
480;0.00125754035584821;0.005981768123335;0.0123337094904952
481;0.00133311757311864;0.0062576514725963;0.0133275698535436
482;0.00145652003195575;0.00664211692584488;0.0147629649874011
483;0.00161357924916516;0.00711359344208835;0.0165406940433615
484;0.00178306894639633;0.00764411422331433;0.0185348121084363
485;0.00194681184961717;0.00814158516156275;0.0204366734042995
486;0.00208441500448814;0.00854676311467825;0.0219884784974759
487;0.0021672807730706;0.00881920742966777;0.0228831290126221
488;0.00219324387573776;0.00892607432257914;0.023110274587857
489;0.00216298557055695;0.00884825623123376;0.0226890030004721
490;0.00209348301111214;0.00865111101344591;0.0217965777662078
491;0.0019991040325235;0.00837543907714813;0.020620075412399
492;0.00189719826231438;0.00806349160305966;0.0194139535694867
493;0.001790752755617;0.00773187337054314;0.0181625543142718
494;0.00168528626819953;0.00740046854233337;0.016912675272276
495;0.00158993748257937;0.00709352212069857;0.0157764872235768
496;0.00149676537083744;0.00680216052826356;0.0147096119096722
497;0.00139573855731383;0.00651273092016071;0.0136474357194294
498;0.00130163040990094;0.00621892699945507;0.0125813127935515
499;0.00121804241225614;0.00593026687402727;0.011556662722432
500;0.00114215670158798;0.0056747780027124;0.0107000738424834
501;0.00107807863196785;0.00545783008133665;0.0099829795225559
502;0.00102883395965439;0.00528600474469482;0.00940503260251856
503;0.000994667039870229;0.00517169773797071;0.00905851766305303
504;0.000978869578680714;0.00510981157635134;0.00894003098366556
505;0.000987820389961093;0.00509086749941685;0.00902782646095648
506;0.00100484769190191;0.00509573793911788;0.0092342713058965
507;0.00102538664133383;0.00511345389063685;0.00950333425541716
508;0.00106023010930942;0.00514219294819707;0.00979724560878833
509;0.00109723455022213;0.00517556257727067;0.0101054768129939
510;0.00112482679105206;0.00520624984039177;0.0104151645434457
511;0.00115067044399025;0.00521598494370473;0.010652325492162
512;0.00117000367831235;0.00519787080099549;0.0107806357336435
513;0.00116771892377407;0.00514874754559923;0.010759650635242
514;0.00115948964367293;0.00507704427759648;0.0106699815915345
515;0.00115081857663334;0.00498609113771752;0.0105450010300124
516;0.00112548719665821;0.00486733060712031;0.0103245279326495
517;0.00109535380293271;0.00473061926491574;0.0100343378792549
518;0.00107947436959988;0.00459027782943718;0.00971786481570918
519;0.00105148953969706;0.0044419860548481;0.00935083929333547
520;0.00100981841103683;0.0042893231086295;0.00895348908516223
521;0.000975386647301171;0.00414503038383103;0.00860322417857521
522;0.000941881003249891;0.00399987513715718;0.00825855873750775
523;0.000905139476607974;0.00384831488973421;0.00789424428534784
524;0.000875757550482836;0.00370864557643048;0.00759534174069416
525;0.000849306945278439;0.00358120405043765;0.00734453769223987
526;0.000809610601374058;0.00346007264863134;0.00707139451924551
527;0.000781936336305097;0.00334010626461624;0.0068010595204287
528;0.000771501877964311;0.00322289395345962;0.00656042676252147
529;0.000750747071708061;0.00312671466248173;0.0064270973428961
530;0.000732668535815497;0.00304926005522708;0.00638924016331088
531;0.000734713506612938;0.00298611370139798;0.00642437547925678
532;0.000743994728770634;0.00294996066624285;0.00655098955973188
533;0.000763205814875313;0.00295646161728754;0.00681869003086866
534;0.000796181945264636;0.00300516033525513;0.00722315625311148
535;0.000877735641179966;0.00319139597988233;0.00814099715351325
536;0.00105269468365189;0.00363181790237267;0.0100447476001578
537;0.00141914279524599;0.00455887696096556;0.0139438264972774
538;0.00205634639830346;0.00618472699857375;0.0206362925120325
539;0.0030622628404147;0.00876952714079289;0.0311225248502819
540;0.00439825724354106;0.0122801813734647;0.0448692173749192
541;0.00593618435383988;0.0164711915941434;0.0604195521388777
542;0.00736923238867473;0.0207449664704646;0.0743779883059405
543;0.00841070284028637;0.0242834580534209;0.0837773739697504
544;0.00878800891236595;0.0262623014985067;0.0858672126814034
545;0.0083889357163378;0.0258914309094716;0.0804676849532916
546;0.00733298801284713;0.0232339095433117;0.0691725316425323
547;0.00590439091522291;0.0187339701645279;0.0551435277741373
548;0.00451993060123334;0.0140701656114279;0.0420621916783682
549;0.00346514675135805;0.0103864315624141;0.03242213595897
550;0.00273554867991344;0.00787157291857906;0.0258270440309217
551;0.00224279872829258;0.00626858721764378;0.0212965545455493
552;0.00184993087443978;0.00511657177379113;0.0174104623264222
553;0.00149209871082532;0.00415893669949509;0.0138299505347866
554;0.00114399219210262;0.0032706585118353;0.0104236884108709
555;0.000846063536614474;0.00252789570699978;0.00760158433978932
556;0.000619548605333634;0.0019560453751868;0.00545772549497638
557;0.00047954813302523;0.00157286963475687;0.00405053517109622
558;0.000387749898057493;0.0013314248436374;0.00316996817296397
559;0.000328948017460497;0.00119046373771027;0.00266647577688449
560;0.000294438321192369;0.00109908586989152;0.00238095154534836
561;0.000272954291497855;0.00102583194070851;0.00217869458551996
562;0.00025601946822304;0.000952355505202885;0.00197434313466386
563;0.00024140331349332;0.000903306503193576;0.00181662226336592
564;0.000226082477499024;0.000871696451822411;0.00169399365626484
565;0.000206841277702;0.000845918613676823;0.00158868469078934
566;0.000197259675514028;0.000824580551651705;0.00150899513810777
567;0.000197105382579812;0.000808519312149536;0.00145601681898408
568;0.000190921918997378;0.000803023591278955;0.001423337436411
569;0.000186695377460785;0.00080889318266724;0.00142689242862588
570;0.000191488282408659;0.000829819054452454;0.0014851782262576
571;0.000207997099558795;0.000870204546240509;0.0015979583879573
572;0.000247747641148217;0.000985570599272488;0.00189692867401323
573;0.000324727370889206;0.0012574190131476;0.00258500509442604
574;0.000471084299402148;0.00179265209186495;0.00385923298851789
575;0.000689801642647292;0.00258647216881149;0.00572448030919254
576;0.000931356130402094;0.00341955525153545;0.00778744969397001
577;0.00116634495915162;0.00414577914185043;0.00984980751325476
578;0.00136639918953173;0.00462443379306744;0.0117273217347037
579;0.00150613987397698;0.00484810853120794;0.0132859893436711
580;0.00160366633430129;0.00490028365961114;0.0146005677496067
581;0.00173518488173785;0.00500720517333753;0.0160344036554931
582;0.00186073857864593;0.00517263071571999;0.017380767594855
583;0.00195913455090339;0.00540333192494942;0.0185179829942854
584;0.00205415728891394;0.00566030271758555;0.0195125175728391
585;0.0021451145985135;0.00592631143137829;0.0203632727501392
586;0.00223435944469697;0.00620963386039698;0.0211364544931738
587;0.00223137261748416;0.00626572979541141;0.0210252892871072
588;0.00211211561388235;0.0060276405687509;0.0198325665157582
589;0.00191677467546842;0.0056031844333241;0.0179503294293768
590;0.00171699628151655;0.00517180175237503;0.0160549798984835
591;0.00157891358211039;0.00489709137463182;0.0147639409177188
592;0.00145884809767097;0.00464050767651773;0.0135648421247611
593;0.00132943130590926;0.0043410080296735;0.012212724633675
594;0.0011370707316836;0.00389563067722886;0.0102890181563217
595;0.000948990366007064;0.00348856188087555;0.00845253981101689
596;0.000812908235753797;0.00324377210792515;0.00715411887917793
597;0.000788901070996111;0.00327255513802365;0.00684071111576001
598;0.000824413278855923;0.00345136588548374;0.00708680213599963
599;0.000834526062856601;0.00358845468056789;0.00721907206163523
600;0.000788054776145327;0.0035635634033662;0.0067898946862261
601;0.000690621387876932;0.00337973150565093;0.0058001468580321
602;0.00061096257622393;0.00321662393669696;0.00487149819877629
603;0.00056420757596629;0.00314628517008008;0.00430121566840867
604;0.000565693074325599;0.00323667474879621;0.00436505440702023
605;0.000600968882717575;0.0034298759715668;0.00481107168773933
606;0.00078800383886292;0.00407597700483355;0.00698074059501437
607;0.00128963015591829;0.0056489728071783;0.0127570072029285
608;0.00253720056385451;0.00950838877266602;0.0270512477956235
609;0.00452205553989352;0.0156501440812223;0.049747269062246
610;0.00636636509555501;0.0214096671408508;0.070771483232199
611;0.00736709712408506;0.0245947495845513;0.0821192115302224
612;0.00680461290043941;0.0229505072940437;0.0756079490681701
613;0.00554842896868059;0.0191767981723609;0.0612189088120674
614;0.00409396866839252;0.0147884614149899;0.0446242429953581
615;0.00299781129686445;0.0114548784082262;0.0321651288672763
616;0.00225357797572088;0.00918129922002456;0.0237481121114533
617;0.0018576705457114;0.00797735188517229;0.0193184776710123
618;0.00170566843287774;0.00754650152100983;0.0177218749355606
619;0.00169504798760758;0.00755915634486529;0.0177173381046492
620;0.00170257281639241;0.00759758624088085;0.0177538426603386
621;0.00167000102226223;0.00752517407964601;0.017312865331289
622;0.00157115484911611;0.00726224509612309;0.016118949992341
623;0.00146032981269155;0.00690672569178796;0.0146231652955021
624;0.00133770055049587;0.00651561711414681;0.013041087022728
625;0.00120293912093965;0.00614812923475155;0.0115883873469929
626;0.00110935798722099;0.00588500531611744;0.0105318051545283
627;0.00108715701752515;0.00581103184245069;0.010189275374294
628;0.00118116775300851;0.00610148990995356;0.0112441010160531
629;0.00131785746555952;0.00649882149648694;0.0127251052760551
630;0.00142042461361073;0.00675992057688867;0.0137212170679033
631;0.00130724383825704;0.00640084216521876;0.0124338555620342
632;0.00104844469467276;0.00560124514786357;0.00952866812090501
633;0.000789282543136655;0.00473153325729533;0.00638442176833911
634;0.000589988794184179;0.00408142725743404;0.0040076295712308
635;0.000477718610730137;0.00375013747893267;0.00277566166481361
636;0.000421257069106089;0.00357154841136976;0.00220253120537224
637;0.000400699405423506;0.00348133919868625;0.0019777895396851
638;0.000397073704045575;0.00342199699929203;0.00182520657395749
639;0.000397623091762865;0.00338238191959207;0.00176925704637573
640;0.000400651010403915;0.00335520963431452;0.00177716727320035
641;0.000414338819576135;0.00334221692641784;0.00180805874287796
642;0.000429583645290146;0.00334084618805844;0.00190158564802117
643;0.000442080499009137;0.00334661158957076;0.00205352337579096
644;0.000453954684423165;0.00334936229807776;0.00216880268208173
645;0.000462304838678267;0.00333933770903025;0.00223547457969738
646;0.000462895139402682;0.00330482857784801;0.00224849403815441
647;0.0004942622988835;0.00335112105919073;0.00256934948939946
648;0.00056275754722261;0.00349247079983123;0.00323481623721457
649;0.000663786223031649;0.00370076613530801;0.00411016463542737
650;0.000720721663165139;0.00380679651551108;0.00462237260698759
651;0.000682409985114808;0.00369523516422748;0.00437688779907307
652;0.000606285116351086;0.00347585714974942;0.00371492663353527
653;0.000519397209981546;0.00321795254196861;0.00289885219942459
654;0.000449307453095802;0.00300486288345856;0.00227225251097015
655;0.000405403754431368;0.00285725474701191;0.00187488443959465
656;0.000387728774490307;0.00277654917368105;0.00171101209885773
657;0.00036885665162064;0.00269877842920248;0.00160500908943242
658;0.000350824196612418;0.00263150750085188;0.00153288432761257
659;0.000338852825114622;0.00258991312745452;0.00149594978154037
660;0.000363711634213144;0.00265340993095926;0.00187923967273965
661;0.000414277848849613;0.00278381469337178;0.00254598203813282
662;0.000447974179252591;0.00284933733857537;0.00296612783269627
663;0.00044567577134939;0.0028055030979332;0.0029601045377426
664;0.000402511439587102;0.00264633260290083;0.00250006959506151
665;0.000371086335807347;0.00253218407668202;0.00221041703787939
666;0.000353456237723754;0.00246892770825593;0.00212030011214678
667;0.000340769957447512;0.00243041950198138;0.00213631517540998
668;0.000331806805059332;0.00237841258804246;0.0021262176471918
669;0.000324070549352796;0.00230624438595272;0.00204204712130441
670;0.000312316329140531;0.00224857932494704;0.0019118254563612
671;0.000301821121192689;0.00218946872236345;0.00178259892350683
672;0.00029628374036477;0.00211628309019427;0.00169284787075451
673;0.000284099462421759;0.00204163425135682;0.00161059097522442
674;0.000270526450319198;0.00197955674868744;0.00155632872073668
675;0.000272285032396763;0.0019552952199331;0.00158355435690531
676;0.000279418181414403;0.00194826808745885;0.00167080624653744
677;0.000288374558814368;0.00194688829275676;0.00179488649587295
678;0.00030204662128793;0.0019416938149601;0.00189736653574345
679;0.000313928506150206;0.00192477895788135;0.00195725732385809
680;0.000316373550329624;0.00188871912073778;0.00195849527062887
681;0.000310861470139831;0.00182973467010819;0.00187145989418691
682;0.000298431214570093;0.00175268593996963;0.00170729846173667
683;0.00027411963987465;0.00165869347571946;0.00146500746982969
684;0.000273893645074809;0.00161852852793089;0.00140796255291049
685;0.000321011926990039;0.00167712383826058;0.0017064064867365
686;0.000416374309159038;0.00182778146820862;0.00236944775245112
687;0.000503724265119519;0.00196200429152004;0.00294640736726325
688;0.000489232491536176;0.00189935875386494;0.00267953196792782
689;0.000437757798445561;0.00179296525920433;0.00216629653178828
690;0.000387718206863821;0.00170178873847779;0.00171234250651166
691;0.000398603332037613;0.00164255638553425;0.00165614346892049
692;0.000440888671396829;0.00161438755223724;0.00186547024808411
693;0.00047922307917949;0.00160568646787488;0.00215547984096922
694;0.000443443529382589;0.00148077003560631;0.00190033715246386
695;0.00034998226278301;0.00127376040305677;0.00122898804444976
696;0.000270677386619264;0.00113005826984325;0.000764545065252242
697;0.000227536185560206;0.0010407635776235;0.000517551903916108
698;0.000229823462452439;0.00100491589078534;0.000500949168185894
699;0.000238096182357298;0.000993840116409347;0.000542122985585961
700;0.00025400222292928;0.000997530744265331;0.000618471297088735
701;0.000284750606787813;0.00100762475011926;0.000726254957579659
702;0.000336937667684072;0.00105208713500539;0.000939119578093188
703;0.000456456283716424;0.00118549152196572;0.00145714598315817
704;0.00075218002834346;0.00152229710941199;0.00272527630590018
705;0.00122059664452859;0.00205901794418881;0.00470826243513107
706;0.00181431605833593;0.00273739551644223;0.00718736385732796
707;0.00225744574917292;0.00321253095908527;0.00896780679473806
708;0.00241626483039823;0.00333724568246502;0.00952196722263864
709;0.00212131097202244;0.00293509194638649;0.00821065625284086
710;0.00188260905874328;0.00260341755681887;0.00711153280674135
711;0.00183490548758662;0.00250186800866035;0.00679542819445404
712;0.00173606490570915;0.00233832099098956;0.0063233260697867
713;0.0014172287241158;0.00195295666825422;0.00504554475803612
714;0.000766980628136113;0.00124609851024512;0.00253036014679903
715;0.000362344344739719;0.000816292726295383;0.000962197346962862
716;0.000249847465142772;0.000699869087496881;0.00051870606754641
717;0.00021627485759692;0.00064663693858267;0.000404071719551617
718;0.000215013837827821;0.000628554459813685;0.000403724407252102
719;0.00020789667175098;0.000611858657284137;0.000359394775736346
720;0.000206984182765397;0.000591769210897916;0.000351625310504843
721;0.000208843015651004;0.000573299056695346;0.000355820974401951
722;0.00020945960134003;0.000565068623995192;0.000337889302591807
723;0.000202973623853345;0.000547030007255358;0.000312030529378784
724;0.000192301089407297;0.000521096424116249;0.000287137835322771
725;0.000192494323238534;0.000510755781338644;0.000279377461734464
726;0.00019424267561632;0.00050514325399235;0.000285407291243246
727;0.000191320469386123;0.000496762474439568;0.00029886211381704
728;0.000183554610706148;0.000483488198357073;0.000286570017713325
729;0.000175437772637948;0.000468715058516855;0.000266520841389355
730;0.000175464930275235;0.000459301843367199;0.000282132744032566
731;0.000171132457100455;0.000451025499094254;0.000272076048025692
732;0.000160708195640469;0.00044116601482037;0.000227885832006519
733;0.000154512498482879;0.000423504002067861;0.000195069251103328
734;0.000149553925875316;0.00040725231998941;0.000186683957526376
735;0.000143453898757566;0.000400554541978484;0.000208755166445193
736;0.000144892282257451;0.000397909378146293;0.000203507020668873
737;0.000150621432003295;0.000396022847817683;0.000179359368206779
738;0.000147271233403783;0.000389019698119575;0.000181032715071454
739;0.000151070656221715;0.000383735678210467;0.000208262055192033
740;0.000168275411167097;0.000385681412591901;0.000266797181648634
741;0.000198351481267457;0.000411150083569158;0.000390073797038717
742;0.000220361541794046;0.000431102702301415;0.000474866786558042
743;0.000210900772271622;0.000411212914915694;0.000403106516182334
744;0.000188935083849271;0.000375895902483208;0.000298121116070497
745;0.000165453328355886;0.000342784290696172;0.000217614680562068
746;0.000157288012068744;0.000345945475190316;0.000233832974845193
747;0.000148474304507556;0.000343743367955784;0.000247681805611633
748;0.000132505199755895;0.000317581884234417;0.000210064643314107
749;0.000127380380214291;0.000309532758950529;0.000192802948444242
750;0.000130085448279061;0.000311965941806928;0.000191664454033088
751;0.000133094323626858;0.000305788631673973;0.000188325502114269
752;0.000129285756745931;0.000292560755040325;0.000163695970257186
753;0.000118742694602706;0.000276541264612915;0.000122951409708611
754;0.000107413858634813;0.000270530205656073;9.64323975285324e-05
755;9.99110507228446e-05;0.000263041567179459;9.4720696192999e-05
756;0.00012220509623462;0.000271134359424219;0.000172355090325912
757;0.000350543915845379;0.000503902698529546;0.000681470761146452
758;0.000771625539354998;0.000947814890311231;0.00163308652691635
759;0.00137644108353932;0.001586979313264;0.00311485790463435
760;0.00146358762654967;0.00167587370817205;0.0033562290369371
761;0.000915182627512396;0.00109074904127137;0.00205608010257229
762;0.000432470491904681;0.000586004219397626;0.000961187539119409
763;0.000137575596879315;0.000279693648218571;0.000289990968446299
764;9.93877662960449e-05;0.000234136486128751;0.000141672812647531
765;0.000100827344256471;0.000231657773602645;0.000121090406483767
766;0.000103370767995373;0.000234076876202299;0.00014673445201966
767;0.000146866575370533;0.000286839193259831;0.000278312793940734
768;0.000203989581158923;0.000337736257920737;0.000418671833346052
769;0.000247701993670291;0.000356458933523715;0.000497571979204067
770;0.000211947180889499;0.000321872967122865;0.000423020925496387
771;0.000151249787331008;0.00027361422640398;0.000293476333720898
772;0.000136062020562939;0.000259902519087033;0.000234249179298669
773;0.000123133444163451;0.00024090795068609;0.000198478079827516
774;0.000105075074163067;0.000212997360806762;0.0001717923566402
775;8.57758493860921e-05;0.000190202166270132;0.00013922504845506
776;7.26801229324893e-05;0.000175063257448031;8.27376292491788e-05
777;6.85795008873847e-05;0.000168223941775555;8.93801284730956e-06
778;6.06914755379004e-05;0.00016033554575327;3.24496028115919e-05
779;5.54355286302638e-05;0.000154392045007594;9.22956882852472e-05
780;6.43808731483625e-05;0.000156552830628137;8.10803584299823e-05
781;6.74892021092956e-05;0.000154801556565815;6.49657826759428e-05
782;6.80226740913985e-05;0.000155008534550102;7.12266272982899e-05
783;9.6376405042899e-05;0.000189713050036586;0.000127816109460681
784;0.000137302456724053;0.000230023049577461;0.000222957901029952
785;0.000172926242618296;0.000250993278974989;0.000327044156666622
786;0.000152554513967792;0.000222935851340673;0.00028442913772247
787;9.81556014508534e-05;0.000170960590738004;0.000154635797076832
788;5.96542806944063e-05;0.000145340394794847;8.03116198876839e-05
789;4.58254177867278e-05;0.000136849993156871;4.25747580297196e-05
790;5.55399273174367e-05;0.000140038524756204;3.78395533761346e-05
791;6.21348472843032e-05;0.000136891062690364;4.43651829115353e-05
792;6.30817014655041e-05;0.000135497008795097;7.16462879314681e-05
793;5.78551502615838e-05;0.000141358287683818;0.000120269533424421
794;5.98956039576926e-05;0.000137710384908729;0.000114408437773524
795;6.47839437380232e-05;0.000128079624994136;7.49298844047843e-05
796;5.71497169498234e-05;0.000126112624918515;7.35799804873345e-05
797;5.4607578213379e-05;0.00012310992049637;8.32786937698929e-05
798;6.11533608780607e-05;0.000119327968000247;9.50616176832666e-05
799;6.49646987097291e-05;0.000129471579959523;0.000101387134579236
800;6.78297810045682e-05;0.000137134039663953;0.000111189051615772
801;7.24286891975747e-05;0.000128094331921234;0.000132623287671699
802;8.28814366301407e-05;0.000133121418830738;0.000146459168392532
803;0.000102665733757827;0.000153836038996987;0.000169710062024117
804;0.000140516558523254;0.000179559274207719;0.000258496648244476
805;0.000156845212329836;0.000192143342796557;0.000308903135085743
806;0.000170548378920942;0.000213493092798252;0.000345468438783035
807;0.00028369209955776;0.000319212222186194;0.000539389390759438
808;0.000700545729882409;0.000717475220501242;0.00138461386826683
809;0.00159516236550268;0.0015887654826961;0.00331945246783215
810;0.00240698776228939;0.00236587892646544;0.00517733915493667
811;0.00276333134275634;0.00269597848637019;0.00609278041801752
812;0.00207889247990741;0.00204938609410276;0.00462413984731178
813;0.00113207831241769;0.00114496301591039;0.00252288730372177
814;0.000385903785193916;0.000418553655206851;0.000833767648636527
815;0.000107030839208085;0.000150983098004457;0.000212421279627662
816;0.000141510671120939;0.000189405937784352;0.000299685229966619
817;0.00025688346215979;0.000301869136164391;0.000550646542112895
818;0.000364384162653539;0.000395026492526404;0.000755346955898653
819;0.000400399584223163;0.000412803442042762;0.000796350065983184
820;0.000309323273056203;0.000321525816490898;0.000632465865145084
821;0.000188329247684228;0.00020711471770328;0.000387728881447323
822;0.000103523343572417;0.000130025236656632;0.000177942829624376
823;0.000101156921745697;0.000138596887087309;0.000219147639483014
824;0.00016192028612077;0.000204366626043142;0.000405109035407121
825;0.000251554604598841;0.000281955733330825;0.000566496179050227
826;0.000368323502573585;0.000385705385964691;0.000785155630895396
827;0.000492451247735687;0.000497988601108173;0.0010450190958289
828;0.000595799922821202;0.000579974501662576;0.00129691459881912
829;0.000627691839400896;0.000605008128169574;0.00140976320360782
830;0.000558919574349256;0.000552960955785666;0.00129505655098387
831;0.000406274966141006;0.000406812953559893;0.000909099473941289
832;0.000227552220055508;0.00023531164880242;0.000465769834385744
833;9.46274867607465e-05;0.000130166280762894;0.000250480759560155
834;2.83688929519888e-05;7.96358718320602e-05;0.000130097874517399
835;2.22115040157368e-05;6.92628823896756e-05;7.57563023502333e-05
836;2.99619392014684e-05;5.44162869559586e-05;9.73867236759093e-05
837;3.98682056388811e-05;5.22856162563321e-05;0.000113467234828469
838;4.36388914962958e-05;6.81016374755601e-05;8.14935031346179e-05
839;5.24221201579374e-05;8.26711488313732e-05;6.71334645314392e-05
840;6.53977246701063e-05;8.87385641373673e-05;8.55658939724745e-05
841;8.00122107629755e-05;8.02147314634458e-05;0.000146848541148191
842;7.74065388099116e-05;7.89122486733651e-05;0.000169100119972275
843;6.01135097804475e-05;8.3966456543281e-05;0.000141813682640945
844;5.33316469277652e-05;7.07191771429862e-05;0.000109308635825266
845;4.78292662779647e-05;6.04461339727399e-05;8.18617431312738e-05
846;4.15488747365201e-05;6.5235481833016e-05;7.36467801397892e-05
847;5.24838293132817e-05;7.89390293602092e-05;0.00012006233435486
848;7.36069210155598e-05;9.41778729075402e-05;0.000186735544615524
849;9.23356376991719e-05;0.000101821798101985;0.000220972532605604
850;0.000104029962354633;0.000113518798886398;0.000228081100615353
851;0.00010497232901429;0.000125452303744997;0.000218099918391452
852;9.14088116527675e-05;0.000119877001468377;0.000229814028970393
853;6.90844896280759e-05;9.39414494013769e-05;0.000209215930235932
854;4.47793850689153e-05;5.30465709019988e-05;0.000133870921696515
855;3.52147200209042e-05;4.07357905693583e-05;6.27021858217137e-05
856;3.43704656194481e-05;4.5903054763235e-05;8.89573989679472e-06
857;3.10201753384043e-05;4.57944559180031e-05;-2.0902382463308e-05
858;2.0552942557302e-05;4.06605988471072e-05;2.16730622706464e-05
859;7.49581671473095e-06;3.4157467806701e-05;0.000103844107108175
860;9.7094471152292e-06;4.12133734701345e-05;9.25345928286227e-05
861;2.09108980301312e-05;4.62055724807036e-05;5.67122067222814e-05
862;3.47217885122629e-05;4.20129914055438e-05;3.20469562190257e-05
863;3.49884012834466e-05;3.98322335860858e-05;-9.76443286595112e-08
864;2.63156239868492e-05;4.17362462577278e-05;-2.04001965574282e-05
865;1.74885225205277e-05;4.85783587411514e-05;-4.03299162776558e-06
866;1.77162967208532e-05;4.49134697461818e-05;1.12674536480554e-05
867;2.42307156194309e-05;3.4117998227415e-05;1.88715267887418e-05
868;1.97262626977085e-05;3.7806960262875e-05;2.45135582170624e-05
869;1.66607926206364e-05;4.4749196658487e-05;6.21943271855374e-05
870;2.16786799992751e-05;5.09559801928058e-05;0.000134521629219414
871;2.69779580912304e-05;5.82521829433123e-05;0.000132331464834622
872;6.14006271308058e-05;9.06525356196058e-05;0.000162533116521245
873;0.000158287505319404;0.000175095448813605;0.000361488024727971
874;0.000297314077843197;0.000292087174461902;0.000660800356193842
875;0.000443366339357074;0.000415431192378578;0.000977052910892426
876;0.000526923943880099;0.000499447343675684;0.00114801234995121
877;0.000572517433266379;0.000542530602935251;0.00125020172298285
878;0.000580657098461233;0.000537292836816686;0.0012883369816495
879;0.000514466161814876;0.00046706388109115;0.00114811494842734
880;0.000391809186618673;0.000357512545183838;0.000856556600019535
881;0.000239034158666369;0.000240274801584755;0.000468866768578619
882;0.000107101139048063;0.000148895622795542;0.000240270913628149
883;2.16513463378732e-05;9.15420810274562e-05;0.000175072669351885
884;7.86859499245229e-06;6.23801411750305e-05;0.000114813468804638
885;1.84991966231294e-05;4.4960403768144e-05;0.00010149553921038
886;3.76329975590813e-05;4.01808509809005e-05;0.000143490356948284
887;8.81736320388503e-05;8.61687174144279e-05;0.000241907668169397
888;0.000168559265480914;0.000168816454552455;0.000370907281541402
889;0.000272191814289487;0.000268378579485124;0.000506601229226762
890;0.000357333471939694;0.000347217341369904;0.000683589406561572
891;0.000416008191644931;0.000395999361720902;0.000843983736590167
892;0.000455571639319554;0.000416889376735933;0.00085408071360362
893;0.000466968982236706;0.000418907238420618;0.00087827083265169
894;0.000441481888755169;0.000401530280316457;0.000922914000825902
895;0.000356168663501906;0.000347882023497193;0.000773834790110433
896;0.000252619552168371;0.000266732060111685;0.000551046666812032
897;0.000165708665217456;0.000171220248715766;0.000362515412986892
898;7.77311287711652e-05;0.000100058514722586;0.000212934737538965
899;1.12477039827512e-05;5.6547298716204e-05;0.000104407913272241
900;6.98793926646116e-06;3.15949154042311e-05;2.85862104122928e-05
901;1.91452139527929e-05;2.82792352114065e-05;8.47406881791743e-06
902;2.69484074607462e-05;3.83414049619143e-05;3.08379231612738e-05
903;1.33625100863367e-05;3.45959281016997e-05;3.42158699136409e-05
904;6.3809199755619e-06;3.38710540579578e-05;2.19018353198852e-05
905;2.00676531362917e-05;4.40636385959137e-05;5.077754631404e-06
906;1.71155174866883e-05;4.19615243651161e-05;5.13518559373545e-05
907;7.71190546815287e-06;3.28429009152448e-05;0.000117804811395619
908;1.25696069667686e-05;2.8278137486135e-05;0.00013267366886989
909;2.3714508196407e-05;2.21990637250045e-05;0.000115375882799195
910;3.44603444383331e-05;1.73459892848519e-05;8.16402279662333e-05
911;3.1507374157701e-05;2.57715743551465e-05;6.38524699951072e-05
912;2.15205466810505e-05;3.46082087657398e-05;6.03035528475263e-05
913;9.44245532170809e-06;3.60747657247147e-05;6.87068002436839e-05
914;1.42766405140677e-06;2.41057768388128e-05;7.42597598783777e-05
915;1.41144294861666e-06;1.75690554591773e-05;7.93126790023535e-05
916;1.21535754322512e-05;3.57179891746271e-05;8.75846224941736e-05
917;2.37900063624752e-05;3.352590133589e-05;8.49880587464384e-05
918;2.94661254178989e-05;1.63061366577933e-05;8.00448060263727e-05
919;1.74498710129984e-05;2.20396710136076e-05;0.000107562539139485
920;1.30035813845484e-05;2.34284172826636e-05;8.84268776798768e-05
921;2.13749395074045e-05;1.62949368919555e-05;2.75914954898727e-05
922;1.84005388083478e-05;2.58872305358868e-05;0.000100556046791505
923;1.72408808414704e-05;3.61481657122978e-05;0.000122462152185255
924;2.81496222096783e-05;3.37786569043662e-05;-3.45781561141504e-05
925;3.25353470342678e-05;3.47431732039303e-05;1.91738130032962e-05
926;3.03254713334893e-05;3.75909007353453e-05;0.000157387464436279
927;2.6818239623718e-05;3.57207186380039e-05;3.76283880868537e-05
928;2.77003374361073e-05;2.48550673682506e-05;2.04042062597574e-05
929;2.9498980604804e-05;1.05395440044693e-05;0.000135483649699755
930;1.17300777167438e-05;1.50404807430301e-05;0.000116867288701127
931;-2.84457576916886e-06;3.16139830755078e-05;1.83173373258649e-05
932;-2.56641147890673e-06;5.01001205906912e-05;-9.80436650352995e-05
933;-9.26338173719128e-06;3.26871520846778e-05;-5.62059222069645e-05
934;-1.48819094316515e-05;1.12084990948218e-05;7.02608490423379e-05
935;-6.6568034479955e-06;3.00460259676716e-05;0.000156830356450429
936;4.33007249625925e-06;2.81314943127328e-05;0.000147343160044891
937;1.40104301944633e-05;8.84244751117227e-06;7.37303121380151e-05
938;2.20362941946784e-05;2.04674313492848e-05;7.1280485904035e-05
939;1.3290814801853e-05;3.28899212483285e-05;7.46184719827697e-05
940;-1.29759043924711e-05;3.83574495813523e-05;6.37664782456997e-05
941;-3.30379052124017e-05;5.99068489259556e-05;5.57721513129731e-05
942;-2.99672045344962e-05;7.15911194892343e-05;4.82087717498377e-05
943;4.79455726192004e-06;5.22509252766914e-05;3.86808082884542e-05
944;1.56881999617451e-05;3.96694232563052e-05;2.45127531867943e-05
945;6.89115432390085e-06;3.34608576070683e-05;3.02232250445868e-05
946;5.06884454368006e-06;1.91038199875743e-05;0.000104171155978464
947;6.91569231146736e-06;3.02130376131487e-05;0.000105771060075876
948;7.88632934787821e-06;5.64628533614716e-05;3.35806350154989e-05
949;-9.58741922112434e-06;2.24414391525966e-05;4.30520024503093e-05
950;-2.17696449608603e-05;2.99455275304758e-06;6.57146978062146e-05
951;-1.50204344075896e-05;3.27546334150851e-05;6.23931446418212e-05
952;2.48697486760739e-06;3.55907773233701e-05;4.69952228882663e-05
953;1.61463348463636e-05;2.18139679734462e-05;3.89943873443712e-05
954;1.04204162942118e-05;1.40202865197374e-05;5.83967169074661e-05
955;4.57946513279037e-06;2.14618836238938e-05;4.71842257153844e-05
956;-1.0666526703142e-06;3.63630115054932e-05;3.1392169234212e-05
957;-2.04451671746597e-05;3.16913202340087e-05;0.000112852341474743
958;-1.70361386614588e-05;3.03683950999249e-05;0.000170625661298873
959;1.26262776303237e-05;3.92071599471433e-05;0.000173707831800885
960;2.49997725004814e-05;5.64814715997448e-05;0.000201091242586975
961;1.25180582543657e-05;4.81522187394638e-05;0.000194217302569829
962;-1.96354813809787e-05;-1.06472862725339e-06;0.00012019081820279
963;1.5202554665764e-05;5.97935406836026e-06;9.2103882684584e-05
964;5.62145851870639e-05;3.6864584688488e-05;0.000124567290501495
965;-5.22150770861408e-06;2.16794505153508e-05;0.00021076599138369
966;-1.44090943918697e-05;5.46233299225164e-06;0.000281595693176406
967;3.10595141035608e-05;9.3053265795406e-06;0.000290298707290085
968;1.00609729405231e-05;7.0852418551227e-05;0.00014759254366656
969;1.1651030979116e-05;9.004346299179e-05;0.000103774474812772
970;5.71352116181849e-05;4.04891898356783e-05;0.000223742926580757
971;5.33436629238831e-05;3.50833029943165e-05;0.000205459853312161
972;3.17618744835143e-05;5.69996691776731e-05;0.000158711417206719
973;2.82540154578358e-05;8.14469926191414e-05;0.000196714426251808
974;5.05734917840868e-05;8.96025817426451e-05;0.000246575694510573
975;7.47156765083873e-05;8.22859104209542e-05;0.000249777061116687
976;5.5136779595851e-05;6.81419105469017e-05;0.000119301364433454
977;4.96818069342593e-05;7.84642531534992e-05;0.000175185444760134
978;5.88290232006755e-05;0.000102768554573708;0.000374860684614972
979;1.99210303977477e-05;7.39131144312221e-05;0.000251371327906267
980;1.894455287823e-05;3.43640447759485e-05;0.000104311268464012
981;7.74514458037745e-05;8.77397230518156e-06;8.52972134964535e-05
982;5.80599866490247e-05;4.06922730954546e-06;0.000131651211949649
983;4.8904972903513e-06;7.2877521717738e-07;0.000188481339535066
984;-2.44749759680867e-05;-1.88918642344105e-05;0.000203071350574133
985;-3.67113095929744e-05;-1.38778424925776e-05;0.000207342152621211
986;-2.89854447177243e-05;1.99328932438408e-05;0.000177122356575208
987;4.37625052136441e-06;7.79320637606368e-05;5.25488524411307e-05
988;1.1237745783025e-05;9.49344604935308e-05;2.6150715295888e-05
989;-1.38397107700914e-05;6.81685368659283e-05;0.000113937793654759
990;-3.13659989889154e-05;6.86137116315657e-05;0.000158997542735428
991;-2.39725810131196e-05;6.27700357030542e-05;0.000140330928667869
992;1.17161582549268e-05;3.66952937177815e-05;7.35348666936155e-05
993;3.53143148553954e-05;9.17382373271128e-06;0.000156831244146811
994;3.90934266137579e-05;4.81868339805045e-06;0.000170027235751461
995;2.13882543657458e-05;3.9070833628931e-05;-8.90408021613275e-05
996;6.33860367654406e-06;-1.64603378191079e-06;-4.89296545109296e-05
997;7.83158223173644e-07;-5.6953401333616e-05;0.000215477860390781
998;6.75920937052503e-06;2.86214177356967e-05;0.000361333562311484
999;1.15845377135419e-05;0.000100563103320349;0.00031997407029294
1000;2.28506252692065e-05;0.000122209081743407;0.000152521893399012
1001;8.42194803977297e-05;0.000136773290006464;0.00015669347996518
1002;0.000127003407952434;0.000134481751221773;0.000323339707685593
1003;0.000127654459280899;0.000129268830173464;0.000588720331091964
1004;0.000163441703129091;0.000212187676332051;0.000613839054205176
1005;0.000236031963409456;0.000316157811123031;0.000587341272586553
1006;0.000332754765323355;0.000372964349288264;0.000712889093083914
1007;0.000368020671049288;0.000458028008870695;0.000849076348851657
1008;0.000367072105599371;0.00054804719578718;0.00092697520728008
1009;0.000400009324896131;0.000584853147061171;0.000860329742040658
1010;0.000526863402029815;0.000559571551054763;0.00115038534331038
1011;0.000686034677256158;0.000523217248718771;0.00168646330742444
1012;0.000619391542788439;0.000646914077892155;0.00167250222571612
1013;0.000576776137190109;0.0007532774779319;0.0015321414959214
1014;0.000646049662062872;0.000766460741373266;0.00145899616397346
1015;0.000663625004681929;0.000749741035308404;0.00142504094811039
1016;0.000675848934693636;0.000701014554918012;0.00148921650239423
1017;0.000713504227238119;0.00061857044996444;0.00164731104570693
1018;0.000636578468299079;0.000490504344144224;0.0014402196583445
1019;0.000517180907498081;0.000426054423492231;0.00113575136031275
1020;0.000488567711029561;0.000574057871309373;0.00121758090355158
1021;0.000476487813627767;0.000619432855496803;0.00121707552812779
1022;0.000424285403923384;0.000517281729073597;0.00101403914559487
1023;0.000213871191560142;0.000368407897980342;0.000579930694368473
1024;6.95495677329842e-05;0.000248968292801959;0.000200630231882368
1025;5.77319702132755e-05;0.0001921983439781;4.08048349168697e-05
1026;8.06857207138635e-05;0.000166561335877891;0.000292011394776471
1027;4.22064725874351e-05;0.000145039020592971;0.000283973127320271
1028;-8.65001911351072e-05;0.000107212576227499;-0.00026235133092433
1029;-4.1232172583104e-05;4.62719779388344e-05;-2.9362413815987e-05
1030;3.64446858485259e-05;8.10882933494413e-06;0.000465251308704585
1031;-3.77197148486708e-05;4.35216246327151e-05;0.000461289779132971
1032;-3.57919564322643e-05;0.000114629317672646;0.000143106869767917
1033;3.42497229669668e-05;0.000171987072757284;-6.41195826660686e-05
1034;7.71089169289031e-05;0.000138208921411257;0.000625729448441393
1035;-4.11962738811673e-05;0.000111051657947044;0.000837716024608587
1036;-0.000245197639608365;0.00011457596657062;0.000366744686429478
1037;-0.000138114419922825;0.000124278691551555;-7.45069791239562e-05
1038;-1.96961198669353e-05;0.000130021989424485;-5.08828279458724e-05
1039;-6.70930667022606e-06;0.000124906330486799;0.000459581277625206
1040;6.40992752116672e-05;9.76667638163417e-05;0.000312580724202462
1041;0.000144776717369404;0.000117322392180533;8.41338128190317e-05
1042;0.000183875920936941;0.000218300704393612;0.000265142453795787
1043;0.000146142450542752;0.000210395347037914;0.000390344632221753
1044;9.47565734544118e-05;0.000132894505819327;0.000464938395679614
1045;0.00011767776393954;8.17602507624371e-05;0.000584640800922986
1046;9.22559752936125e-05;0.000166780091746927;0.00108601540019301
1047;3.2443401302627e-05;0.000286874081649689;0.00149762778250714
1048;3.04278518844465e-05;0.000148475282952557;0.000538078496250353
1049;4.9378780693296e-05;5.07852038830458e-05;0.000353665383458411
1050;4.66705650876173e-05;6.31830696936176e-05;0.00114352980884538
1051;-0.000107771228895003;5.81280147295537e-05;0.00095814991694886
1052;-0.000151627717364889;0.000107751038642185;0.000539148920450607
1053;-1.17218458716997e-05;0.000217598720067431;0.000288968880889038
1054;-6.33238883434961e-05;0.000239453670724029;0.000181917443107924
1055;-0.00021624081912286;0.000200863549169615;0.000486000877121828
1056;-0.000342905784370021;0.000141950964493339;0.00130604886168138
1057;-0.00026261429262813;0.000100018222535984;0.00179557577175064
1058;-7.96407881574832e-05;9.44676803379193e-05;0.00159010913459158
1059;1.86636002029887e-05;0.000135022853179311;0.000467281068723501
1060;4.99483465118533e-05;9.63638089261907e-05;-0.000371846579311406
1061;5.31146957058295e-06;1.68618285886126e-05;-0.000409843332838026
1062;-0.000135826786522406;3.70769194987938e-05;0.000802356698974867
1063;-0.000170463463571086;0.000223550145722852;0.00164146650493294
1064;-7.56600762996325e-05;0.000455356173392409;0.00152343131872553
1065;-3.11833501649908e-05;0.000233002880926705;0.000428043360415734
1066;3.11370365526259e-05;3.0233452106106e-05;-0.000157518906124095
1067;0.000127934452711055;5.08706651863876e-05;0.000283501499415037
1068;0.000220666934159013;0.000115255677464772;0.000356888081070633
1069;0.000199279353070214;8.30160926570238e-05;0.000215278077642416
1070;2.30452094356128e-05;-7.74640822337149e-05;6.33056903859273e-05
1071;-1.33826612625076e-05;0.000200854475626369;0.000123992520560577
1072;7.21296453897123e-05;0.000479108051155285;0.000369867910905131
1073;0.000190388618750795;0.000203981170481644;0.000724960111767014
1074;8.24443258683122e-05;9.79871122475377e-05;0.00134547458844923
1075;-0.000182813803469726;0.000218425641222081;0.00176254291736588
